spkid,full_name,name,diameter,albedo,e,a,i,per,per_y,moid,moid_ld,sigma_e,sigma_a,sigma_q
20164207,164207 (2004 GU9),,0.163,0.219,0.1359,1.001,13.65,366,1,0.00017,0.066,1.50E-07,4.60E-09,1.50E-07
20007482,  7482 (1994 PC1),,1.052,0.277,0.3294,1.349,33.47,572,1.57,0.000596,0.232,5.70E-09,6.40E-09,1.00E-08
20099942, 99942 Apophis (2004 MN4),Apophis,0.34,0.35,0.1911,0.9224,3.34,324,0.886,0.000613,0.238,1.60E-09,1.70E-09,2.70E-09
20433953,433953 (1997 XR2),,0.259,0.115,0.2008,1.076,7.19,408,1.12,0.000622,0.242,3.20E-08,9.00E-10,3.50E-08
20089959, 89959 (2002 NT7),,1.407,0.224,0.5284,1.735,42.36,835,2.29,0.000874,0.34,5.60E-10,7.50E-10,8.70E-10
3545399,       (2010 QG2),,0.038,0.228,0.516,1.667,4.7,786,2.15,0.00115,0.447,5.50E-04,1.50E-03,1.60E-04
3523338,       (2010 KV7),,0.013,0.397,0.2185,1.214,0.31,489,1.34,0.00125,0.487,2.90E-03,3.60E-03,7.50E-04
3515028,       (2010 GH7),,0.008,0.326,0.2999,1.401,3.52,606,1.66,0.00215,0.837,7.60E-06,3.00E-05,3.20E-05
3512647,       (2010 FE7),,0.045,0.288,0.5531,1.95,1.55,994,2.72,0.0023,0.895,2.40E-04,8.80E-04,8.10E-05
3512281,       (2010 FQ),,0.285,0.204,0.3563,1.527,10.56,689,1.89,0.00231,0.899,6.80E-08,1.10E-08,1.10E-07
20371660,371660 (2007 CN26),,0.23,0.16,0.2693,1.292,7.59,537,1.47,0.00234,0.912,1.50E-08,3.60E-09,2.00E-08
20163243,163243 (2002 FB3),,1.682,0.172,0.6016,0.7616,20.28,243,0.665,0.00238,0.928,6.00E-09,3.80E-10,4.40E-09
20450237,450237 (2002 XY38),,0.096,0.134,0.2176,0.9112,2.12,318,0.87,0.00245,0.952,4.20E-08,3.20E-09,3.60E-08
20153201,153201 (2000 WO107),,0.51,0.129,0.7808,0.9111,7.77,318,0.87,0.00292,1.14,2.10E-08,4.80E-09,2.00E-08
20215588,215588 (2003 HF2),,0.488,0.118,0.6755,1.114,3.06,429,1.18,0.00324,1.26,1.40E-08,1.90E-09,1.60E-08
20387746,387746 (2003 MH4),,0.366,0.132,0.5133,1.964,3.9,1.01E+03,2.75,0.00335,1.3,2.30E-08,6.00E-09,4.60E-08
20154276,154276 (2002 SY50),,1.06,0.143,0.6888,1.704,8.75,813,2.23,0.00387,1.5,1.50E-08,7.00E-09,2.40E-08
3656789,       (2014 BX2),,0.11,0.253,0.761,2.215,2.25,1.20E+03,3.3,0.00402,1.56,5.70E-05,3.00E-04,5.40E-05
3753291,       (2016 JW28),,0.031,0.123,0.5792,2.082,0.92,1.10E+03,3,0.00416,1.62,1.10E-03,4.90E-03,1.80E-04
3550046,       (2010 UC7),,0.043,0.129,0.5677,1.885,5.18,946,2.59,0.00426,1.66,1.00E-03,3.90E-03,1.90E-04
3552163,       (2010 WB),,0.057,0.126,0.2881,1.359,5.5,578,1.58,0.00428,1.66,3.60E-05,6.20E-05,4.40E-06
20164121,164121 (2003 YT1),,1.717,0.198,0.292,1.11,44.06,427,1.17,0.0046,1.79,5.20E-10,4.10E-11,5.70E-10
20386454,386454 (2008 XM),,0.367,0.128,0.9093,1.222,5.45,493,1.35,0.00469,1.83,2.70E-08,8.70E-09,3.30E-08
3753798,       (2016 LD9),,0.085,0.269,0.611,1.804,4.19,885,2.42,0.00537,2.09,1.90E-07,9.50E-08,3.70E-07
20297274,297274 (1996 SK),,1.199,0.234,0.7905,2.445,1.97,1.40E+03,3.82,0.00627,2.44,2.60E-08,1.50E-08,6.60E-08
3748270,       (2016 FY3),,0.205,0.125,0.6887,2.626,22.44,1.55E+03,4.26,0.00664,2.58,1.50E-06,1.10E-05,4.30E-07
3669253,       (2014 HQ124),,0.325,0.291,0.2592,0.8509,26.37,287,0.785,0.00684,2.66,1.20E-07,1.50E-08,1.00E-07
3551475,       (2010 VK139),,0.055,0.196,0.2822,0.7799,26.96,252,0.689,0.00691,2.69,1.50E-07,1.70E-08,1.20E-07
3485259,       (2010 AE30),,0.05,0.259,0.4168,1.268,5.97,521,1.43,0.00726,2.82,2.10E-08,3.00E-09,2.50E-08
20068950, 68950 (2002 QF15),,1.65,0.178,0.3443,1.057,25.15,397,1.09,0.00746,2.9,6.90E-10,2.30E-10,6.30E-10
20385343,385343 (2002 LV),,1.359,0.334,0.6052,2.314,29.53,1.29E+03,3.52,0.00784,3.05,6.50E-10,9.40E-10,1.40E-09
20503941,503941 (2003 UV11),,0.26,0.376,0.7626,1.453,5.93,640,1.75,0.00787,3.06,1.50E-08,8.00E-11,2.20E-08
3529053,       (2010 LK34),,0.108,0.271,0.8073,1.829,5.32,904,2.47,0.00837,3.26,1.90E-08,4.70E-09,3.40E-08
3653970,       (2013 WT45),,0.185,0.391,0.4669,1.63,9.34,760,2.08,0.00838,3.26,8.00E-08,2.60E-08,1.20E-07
3753371,       (2016 JU33),,0.174,0.304,0.5335,1.828,3.88,903,2.47,0.0089,3.46,2.60E-08,7.20E-09,4.80E-08
20162567,162567 (2000 RW37),,0.335,0.173,0.2501,1.247,13.75,509,1.39,0.00905,3.52,5.10E-08,2.10E-09,6.30E-08
20423321,423321 (2005 ED318),,0.202,0.212,0.4501,1.85,2.39,919,2.52,0.00938,3.65,6.90E-09,1.10E-09,1.20E-08
20088254, 88254 (2001 FM129),,0.8,0.252,0.6296,1.182,1.52,470,1.29,0.01,3.91,3.00E-08,1.20E-09,3.50E-08
3726015,       (2015 PU228),,0.328,0.125,0.7863,2.291,9.42,1.27E+03,3.47,0.0104,4.03,3.80E-07,4.40E-07,9.70E-07
3760535,       (2016 TX17),,0.063,0.178,0.5941,1.833,11.27,907,2.48,0.0105,4.1,2.90E-03,1.20E-02,6.00E-04
20244977,244977 (2004 BE68),,0.495,0.235,0.4446,1.761,15.74,853,2.34,0.0107,4.17,6.50E-08,3.50E-09,1.10E-07
3735613,       (2015 XE),,0.048,0.1,0.3685,1.57,2.39,718,1.97,0.0107,4.17,1.50E-05,3.60E-05,1.30E-06
20041429, 41429 (2000 GE2),,0.204,0.267,0.5553,1.593,2.17,734,2.01,0.0109,4.25,3.50E-08,5.30E-09,5.40E-08
20469445,469445 (2002 LT24),,0.143,0.136,0.4958,0.7201,0.77,223,0.611,0.0113,4.38,5.40E-08,9.30E-10,3.90E-08
3666234,       (2014 FD),,0.022,0.223,0.4803,1.878,6.19,940,2.57,0.0114,4.42,2.90E-04,1.10E-03,3.80E-05
3550464,       (2010 VT11),,0.152,0.189,0.611,1.754,2.48,849,2.32,0.0119,4.64,3.40E-08,3.50E-09,5.90E-08
3512284,       (2010 FT),,0.018,0.294,0.1947,1.09,5.6,416,1.14,0.012,4.65,4.70E-04,2.20E-04,3.30E-04
3508133,       (2010 CD55),,0.083,0.145,0.2014,1.024,5.93,378,1.04,0.0124,4.84,6.90E-07,8.70E-08,6.40E-07
20333578,333578 (2006 KM103),,0.204,0.352,0.3766,1.573,11.68,721,1.97,0.0128,4.98,1.60E-08,3.80E-09,2.60E-08
20003362,  3362 Khufu (1984 QA),Khufu,0.7,0.21,0.4685,0.9895,9.92,360,0.984,0.0133,5.19,5.70E-07,1.20E-08,5.70E-07
3740897,       (2016 BC14),,0.196,0.201,0.1826,0.8707,8.37,297,0.812,0.0133,5.19,5.90E-08,6.00E-09,4.90E-08
3551067,       (2010 VD72),,0.124,0.29,0.1812,0.9184,19.19,321,0.88,0.0137,5.32,2.60E-07,9.10E-09,2.40E-07
20003361,  3361 Orpheus (1982 HR),Orpheus,0.3,0.357,0.3229,1.21,2.66,486,1.33,0.0138,5.37,3.60E-08,1.90E-09,4.40E-08
3330155,       (2006 HV5),,0.307,0.246,0.3156,0.8425,32.02,282,0.773,0.0138,5.37,8.60E-08,1.20E-09,7.30E-08
3762883,       (2016 UH101),,0.128,0.156,0.5296,2.097,4.71,1.11E+03,3.04,0.0138,5.38,2.70E-08,1.80E-08,5.30E-08
3520758,       (2010 HX107),,0.064,0.187,0.3005,0.8013,3.36,262,0.717,0.0141,5.5,4.90E-07,2.00E-08,4.00E-07
20484402,484402 (2007 XH16),,0.452,0.125,0.2348,1.187,27.43,472,1.29,0.0145,5.64,3.40E-08,2.30E-09,3.90E-08
20341843,341843 (2008 EV5),,0.4,0.137,0.0827,0.9602,7.45,344,0.941,0.0147,5.72,2.00E-08,3.00E-09,1.80E-08
20377732,377732 (2005 XJ8),,0.986,0.288,0.6204,1.931,23.56,980,2.68,0.0148,5.78,1.50E-08,2.50E-09,2.90E-08
20417634,417634 (2006 XG1),,0.418,0.154,0.5958,2.458,20.5,1.41E+03,3.85,0.0148,5.74,1.60E-07,6.00E-08,4.00E-07
3015695,       (1998 WB2),,0.15,0.151,0.5864,1.973,2.37,1.01E+03,2.77,0.0148,5.75,2.10E-08,3.50E-09,4.30E-08
20185851,185851 (2000 DP107),,0.863,0.137,0.3765,1.365,8.67,583,1.6,0.0149,5.81,8.30E-09,3.30E-10,1.10E-08
3695919,       (2014 VG2),,0.085,0.201,0.197,1.19,8.6,474,1.3,0.0152,5.9,2.60E-08,7.60E-09,2.80E-08
3758846,       (2016 RW),,0.066,0.214,0.3849,1.613,4.84,748,2.05,0.0152,5.93,4.30E-08,2.70E-08,7.00E-08
3532406,       (2010 MY1),,0.043,0.265,0.2114,1.215,9.7,489,1.34,0.0155,6.02,3.50E-04,3.90E-04,1.20E-04
20159857,159857 (2004 LJ1),,3.07,0.13,0.5935,2.263,23.15,1.24E+03,3.4,0.0159,6.19,1.50E-09,1.10E-09,3.30E-09
3512698,       (2010 FR9),,0.015,0.287,0.3816,1.579,5.71,725,1.98,0.0159,6.19,1.50E-04,1.50E-04,1.40E-04
20140288,140288 (2001 SN289),,1.263,0.231,0.5082,1.784,53.19,871,2.38,0.016,6.22,9.20E-10,7.30E-10,1.70E-09
3681964,       (2014 PS59),,0.206,0.263,0.5459,1.964,14.13,1.01E+03,2.75,0.016,6.23,5.50E-08,4.00E-08,1.20E-07
20085182, 85182 (1991 AQ),,1.1,0.242,0.7777,2.22,3.12,1.21E+03,3.31,0.0161,6.25,1.10E-08,1.90E-09,2.40E-08
20277570,277570 (2005 YP180),,0.439,0.177,0.617,1.372,4.11,587,1.61,0.0162,6.3,5.50E-08,3.80E-09,7.60E-08
3542519,       (2010 PK9),,0.143,0.138,0.6758,0.6821,12.59,206,0.563,0.0162,6.29,1.30E-07,1.70E-09,9.10E-08
3740940,       (2016 BJ15),,0.08,0.113,0.5193,1.808,2.99,888,2.43,0.0163,6.35,2.30E-04,8.30E-04,9.90E-06
20086819, 86819 (2000 GK137),,0.802,0.301,0.5059,1.995,10.06,1.03E+03,2.82,0.0168,6.53,2.70E-08,2.70E-09,5.30E-08
20163899,163899 (2003 SD220),,0.791,0.34,0.21,0.8276,8.54,275,0.753,0.0173,6.74,7.40E-09,1.20E-09,6.50E-09
3508146,       (2010 DO),,0.149,0.176,0.7458,1.612,11.94,748,2.05,0.0177,6.9,2.00E-07,2.90E-08,3.10E-07
3666473,       (2014 ER49),,0.461,0.301,0.6419,2.826,13.67,1.74E+03,4.75,0.018,7.02,5.10E-08,1.10E-07,1.20E-07
3102784,       (2002 BF25),,0.152,0.1,0.2216,1.075,6.31,407,1.11,0.0181,7.06,2.10E-08,3.00E-09,2.20E-08
20003200,  3200 Phaethon (1983 TB),Phaethon,6.25,0.1066,0.8898,1.271,22.31,524,1.43,0.0187,7.27,4.70E-10,6.80E-10,6.30E-10
20152754,152754 (1999 GS6),,0.414,0.216,0.4974,1.191,2.02,475,1.3,0.0189,7.35,2.50E-08,4.70E-09,3.10E-08
20297418,297418 (2000 SP43),,0.407,0.388,0.4669,0.8115,10.34,267,0.731,0.019,7.4,5.70E-08,2.30E-09,4.60E-08
3760585,       (2016 TJ18),,0.188,0.314,0.583,2.408,17.72,1.36E+03,3.74,0.0193,7.51,2.00E-05,1.20E-04,2.60E-06
20141432,141432 (2002 CQ11),,0.239,0.34,0.4275,0.9762,2.47,352,0.965,0.0194,7.54,8.40E-08,6.80E-08,4.40E-08
20365071,365071 (2009 AV),,0.674,0.246,0.0739,1.03,45.87,382,1.04,0.0195,7.58,2.50E-09,4.30E-10,2.60E-09
20187040,187040 (2005 JS108),,0.43,0.199,0.3222,1.355,6.04,576,1.58,0.0196,7.61,2.30E-08,9.30E-10,3.20E-08
3752784,       (2016 JC6),,0.192,0.145,0.2829,0.8066,6.78,265,0.724,0.0197,7.68,1.50E-08,5.10E-10,1.20E-08
20207945,207945 (1991 JW),,0.423,0.161,0.1186,1.039,8.71,387,1.06,0.0201,7.84,4.10E-08,3.40E-09,4.10E-08
20363599,363599 (2004 FG11),,0.152,0.306,0.7236,1.587,3.14,730,2,0.0204,7.94,7.90E-08,2.70E-09,1.30E-07
20385186,385186 (1994 AW1),,0.811,0.223,0.0755,1.105,24.1,424,1.16,0.0206,8.02,5.70E-10,4.10E-10,8.20E-10
20366774,366774 (2004 TB18),,0.859,0.199,0.4507,1.815,13.2,893,2.44,0.021,8.19,9.80E-09,2.80E-09,1.80E-08
3740100,       (2016 AD166),,0.077,0.109,0.5692,1.652,5.28,775,2.12,0.021,8.17,2.10E-04,4.80E-04,1.40E-04
54114211,       (2010 KD149),,0.213,0.118,0.2118,0.8889,14.23,306,0.838,0.0213,8.28,7.80E-07,2.10E-08,6.80E-07
20008566,  8566 (1996 EN),,1.568,0.217,0.4302,1.506,37.97,675,1.85,0.0214,8.33,3.20E-09,8.90E-10,5.20E-09
20012923, 12923 Zephyr (1999 GK4),Zephyr,2.06,0.199,0.4918,1.963,5.3,1.00E+03,2.75,0.0218,8.47,2.00E-08,2.40E-09,3.80E-08
20003671,  3671 Dionysus (1984 KD),Dionysus,1.5,0.16,0.542,2.2,13.54,1.19E+03,3.26,0.022,8.58,1.90E-08,1.00E-09,4.20E-08
3765704,       (2016 XA18),,0.065,0.238,0.8339,1.946,17.74,992,2.72,0.022,8.58,1.30E-03,1.20E-02,6.50E-04
20009856,  9856 (1991 EE),,1,0.3,0.6258,2.242,9.83,1.23E+03,3.36,0.0224,8.72,1.20E-08,1.60E-09,2.80E-08
20363067,363067 (2000 CO101),,0.0,0.11,0.0901,1.076,15.32,408,1.12,0.0224,8.72,1.20E-08,1.20E-09,1.30E-08
3761480,       (2016 UZ25),,0.143,0.197,0.7928,2.498,3.81,1.44E+03,3.95,0.0226,8.8,4.70E-05,4.00E-04,3.50E-05
3673869,       (2014 MS5),,0.113,0.116,0.5591,1.932,2.51,981,2.69,0.0227,8.82,3.30E-08,1.40E-08,6.10E-08
3715507,       (2015 GY),,0.143,0.18,0.2001,1.068,11.81,403,1.1,0.023,8.97,5.10E-07,1.70E-07,4.10E-07
20398188,398188 Agni (2010 LE15),Agni,0.462,0.137,0.2733,0.8646,13.25,294,0.804,0.0231,8.98,2.90E-08,3.50E-09,2.50E-08
20152978,152978 (2000 GJ147),,0.531,0.109,0.2367,1.162,25.01,458,1.25,0.0239,9.29,3.70E-08,1.20E-09,4.30E-08
20006489,  6489 Golevka (1991 JX),Golevka,0.53,0.151,0.6151,2.484,2.27,1.43E+03,3.91,0.024,9.36,2.30E-09,2.00E-09,5.20E-09
3520757,       (2010 JW39),,0.039,0.187,0.39,1.637,3,765,2.1,0.024,9.35,2.70E-04,7.40E-04,3.50E-06
20086039, 86039 (1999 NC43),,2.22,0.14,0.5789,1.76,7.13,853,2.33,0.0243,9.46,3.50E-08,2.10E-09,6.20E-08
20068548, 68548 (2001 XR31),,1.182,0.289,0.4368,1.707,22.72,815,2.23,0.0247,9.62,3.50E-09,7.70E-10,6.10E-09
3757288,       (2016 PN38),,0.196,0.153,0.6175,2.462,3.58,1.41E+03,3.86,0.0247,9.62,1.80E-08,2.20E-08,4.80E-08
3520202,       (2010 JK33),,0.208,0.148,0.6101,2.232,4.04,1.22E+03,3.33,0.0249,9.7,3.30E-08,9.10E-09,7.40E-08
20454094,454094 (2013 BZ45),,0.167,0.11,0.1448,1.015,11.85,374,1.02,0.0257,9.99,7.80E-08,5.70E-09,7.40E-08
20001862,  1862 Apollo (1932 HA),Apollo,1.5,0.25,0.5599,1.471,6.35,651,1.78,0.026,10.1,1.60E-09,1.70E-10,2.30E-09
20140158,140158 (2001 SX169),,0.566,0.289,0.4608,1.347,2.52,571,1.56,0.026,10.1,1.60E-08,2.50E-09,2.00E-08
3728373,       (2015 RR150),,0.343,0.198,0.4981,2.039,42.16,1.06E+03,2.91,0.0263,10.2,2.30E-07,2.20E-07,5.10E-07
20012538, 12538 (1998 OH),,1.663,0.232,0.4058,1.542,24.54,699,1.91,0.0269,10.5,4.80E-10,2.80E-10,7.50E-10
3697798,       (2014 WZ120),,0.297,0.126,0.6399,2.212,20.91,1.20E+03,3.29,0.027,10.5,7.00E-07,3.40E-06,3.20E-07
3705042,       (2015 BW310),,0.146,0.132,0.6391,2.622,10.04,1.55E+03,4.25,0.0271,10.5,7.20E-06,4.70E-05,1.90E-06
20422699,422699 (2000 PD3),,0.619,0.22,0.592,1.999,7.7,1.03E+03,2.83,0.0274,10.7,2.90E-08,4.80E-09,5.70E-08
3508128,       (2010 CO44),,0.034,0.218,0.2307,1.07,6.18,404,1.11,0.0277,10.8,1.70E-04,8.50E-05,1.20E-04
3515453,       (2010 GX23),,0.06,0.334,0.4511,1.483,1.91,660,1.81,0.0279,10.9,3.60E-04,6.10E-04,1.90E-04
3555212,       (2011 AV55),,0.063,0.176,0.6059,2.409,17.71,1.37E+03,3.74,0.028,10.9,1.90E-03,1.10E-02,4.10E-05
20090075, 90075 (2002 VU94),,2.233,0.294,0.5755,2.136,8.91,1.14E+03,3.12,0.0281,10.9,9.10E-10,1.10E-09,2.00E-09
20039572, 39572 (1993 DQ1),,1.554,0.184,0.4927,2.036,10.03,1.06E+03,2.91,0.0282,11,3.00E-08,6.00E-09,5.90E-08
20111253,111253 (2001 XU10),,3.006,0.178,0.4394,1.754,42.02,848,2.32,0.0287,11.2,4.60E-10,5.20E-10,9.60E-10
20477519,477519 (2010 DJ56),,0.321,0.327,0.2453,1.25,34.84,510,1.4,0.0288,11.2,5.60E-08,3.70E-09,7.10E-08
3742342,       (2016 CL136),,0.123,0.32,0.6222,0.7297,21.53,228,0.623,0.0288,11.2,1.70E-07,9.30E-10,1.30E-07
20386847,386847 (2010 LR33),,0.663,0.211,0.4625,1.692,5.83,804,2.2,0.029,11.3,3.80E-08,4.40E-09,6.40E-08
20230549,230549 (2003 BH),,0.217,0.216,0.3561,1.457,13.11,642,1.76,0.0292,11.4,4.70E-08,2.30E-09,6.90E-08
3519490,       (2010 JG),,0.192,0.209,0.3196,1.19,23.31,474,1.3,0.0292,11.3,1.30E-08,1.40E-09,1.50E-08
3739246,       (2016 AZ8),,0.215,0.138,0.3552,1.321,5.59,555,1.52,0.0293,11.4,2.40E-08,4.90E-09,3.10E-08
3724112,       (2015 NZ13),,0.258,0.152,0.7808,2.015,6.58,1.04E+03,2.86,0.0294,11.4,8.50E-07,5.80E-06,7.70E-07
20226554,226554 (2003 WR21),,0.482,0.125,0.2615,1.118,9.27,432,1.18,0.0295,11.5,2.90E-09,1.20E-09,3.10E-09
20001620,  1620 Geographos (1951 RA),Geographos,2.56,0.29,0.3356,1.246,13.34,508,1.39,0.03,11.7,9.00E-10,2.00E-10,1.10E-09
3508127,       (2010 CN44),,0.34,0.185,0.6712,2.866,3.86,1.77E+03,4.85,0.03,11.7,6.80E-08,4.90E-08,2.10E-07
20162998,162998 (2001 SK162),,0.875,0.161,0.4743,1.926,1.68,976,2.67,0.0301,11.7,2.70E-08,2.60E-09,5.30E-08
3511111,       (2010 EX11),,0.04,0.234,0.1096,0.9566,9.75,342,0.936,0.0301,11.7,1.30E-06,8.00E-09,1.30E-06
3733140,       (2015 VE1),,0.139,0.368,0.5671,2.246,1.9,1.23E+03,3.37,0.0301,11.7,8.20E-06,4.40E-05,5.60E-07
3731242,       (2015 TD323),,0.332,0.176,0.6309,1.616,48.91,751,2.05,0.0304,11.8,9.00E-07,5.30E-08,1.40E-06
20490581,490581 (2009 WZ104),,0.237,0.314,0.1927,0.8553,9.84,289,0.791,0.0306,11.9,1.10E-07,8.00E-09,9.60E-08
3716438,       (2015 HF1),,0.108,0.125,0.6145,1.317,22,552,1.51,0.0312,12.1,7.50E-04,2.10E-03,1.90E-04
3714587,       (2015 FN120),,0.064,0.173,0.6184,2.099,5.02,1.11E+03,3.04,0.0317,12.3,4.10E-04,1.90E-03,1.50E-04
20409836,409836 (2006 QY110),,0.554,0.331,0.5741,1.924,6.4,975,2.67,0.0318,12.4,5.30E-08,5.60E-09,1.00E-07
20250620,250620 (2005 GE59),,0.654,0.26,0.6025,2.109,16.08,1.12E+03,3.06,0.0319,12.4,2.20E-08,6.50E-09,4.50E-08
20367248,367248 (2007 MK13),,0.386,0.119,0.1397,1.025,19.88,379,1.04,0.0322,12.5,1.90E-07,3.30E-08,1.60E-07
20459683,459683 (2013 MY5),,0.269,0.322,0.4532,1.662,3,783,2.14,0.0322,12.5,5.30E-08,2.30E-08,8.10E-08
20666241,666241 (2010 BK2),,0.118,0.205,0.4479,0.9042,6.05,314,0.86,0.0326,12.7,2.60E-07,6.30E-09,2.40E-07
3521439,       (2010 JN71),,0.214,0.106,0.5903,2.381,17.74,1.34E+03,3.67,0.0331,12.9,1.30E-08,2.50E-08,2.60E-08
20221980,221980 (1996 EO),,0.432,0.2,0.4008,1.342,21.59,568,1.55,0.0336,13.1,8.00E-08,2.20E-09,1.10E-07
3485632,       (2010 AG40),,0.089,0.319,0.6092,1.754,2.03,849,2.32,0.0336,13.1,1.30E-06,6.40E-09,2.30E-06
3753919,       (2016 LV47),,0.237,0.314,0.8634,1.786,15.19,872,2.39,0.0336,13.1,1.70E-03,1.90E-02,4.50E-04
20250706,250706 (2005 RR6),,0.535,0.322,0.7011,2.957,6.93,1.86E+03,5.09,0.034,13.2,2.40E-08,1.20E-08,7.10E-08
20011500, 11500 Tomaiyowit (1989 UR),Tomaiyowit,0.738,0.142,0.3558,1.08,10.31,410,1.12,0.0345,13.4,3.60E-08,6.60E-10,3.90E-08
20468727,468727 (2010 JE87),,0.308,0.108,0.437,0.9042,16.91,314,0.86,0.0347,13.5,1.10E-07,4.30E-09,9.70E-08
20462238,462238 (2008 CN1),,0.227,0.197,0.3477,0.7707,7.22,247,0.677,0.0349,13.6,7.80E-08,1.10E-08,6.20E-08
3532364,       (2010 MG1),,0.053,0.301,0.5066,1.972,6.55,1.01E+03,2.77,0.0356,13.8,3.50E-03,1.40E-02,2.20E-04
20533722,533722 (2014 NE52),,0.701,0.249,0.6585,2.385,3.86,1.35E+03,3.68,0.0357,13.9,4.80E-08,2.60E-07,4.30E-08
3514549,       (2010 FA81),,0.097,0.224,0.152,1.195,15.48,477,1.31,0.0357,13.9,5.10E-08,6.80E-09,6.50E-08
20349068,349068 (2006 YT13),,0.496,0.343,0.4258,1.323,38.24,556,1.52,0.0368,14.3,2.30E-08,2.90E-09,2.90E-08
20455299,455299 (2002 EL6),,0.537,0.386,0.5779,2.304,9.53,1.28E+03,3.5,0.0368,14.3,2.30E-08,2.80E-09,5.20E-08
20523816,523816 (2009 ST103),,0.851,0.141,0.7184,2.701,15.74,1.62E+03,4.44,0.0371,14.4,5.50E-08,3.60E-08,1.50E-07
20003757,  3757 Anagolay (1982 XB),Anagolay,0.5,0.18,0.4459,1.834,3.87,908,2.48,0.0372,14.5,4.20E-08,2.20E-09,7.70E-08
3733144,       (2015 VF1),,0.072,0.103,0.5371,1.878,5.16,940,2.57,0.0378,14.7,8.10E-04,3.10E-03,1.10E-04
20068346, 68346 (2001 KZ66),,0.736,0.291,0.4166,1.507,16.7,676,1.85,0.0386,15,2.40E-09,1.70E-10,3.70E-09
3713308,       (2015 FL),,0.232,0.131,0.6515,2.686,15.71,1.61E+03,4.4,0.0388,15.1,6.90E-07,4.90E-06,1.50E-07
20265196,265196 (2004 BW58),,0.361,0.31,0.3787,1.455,15.21,641,1.75,0.0389,15.1,2.20E-08,2.80E-09,3.30E-08
3520666,       (2010 JV34),,0.226,0.165,0.5441,1.723,7.21,826,2.26,0.0391,15.2,5.30E-08,5.10E-09,9.10E-08
20458436,458436 (2011 AL52),,1.102,0.159,0.6363,2.802,13.44,1.71E+03,4.69,0.0395,15.4,4.40E-08,5.20E-08,1.30E-07
20303450,303450 (2005 BY2),,0.187,0.317,0.3306,1.269,7.29,522,1.43,0.0404,15.7,5.80E-08,2.10E-09,7.40E-08
20363831,363831 (2005 PY16),,0.371,0.268,0.525,1.976,6.41,1.01E+03,2.78,0.0418,16.3,3.00E-08,1.80E-08,5.80E-08
20230111,230111 (2001 BE10),,0.0,0.253,0.3692,0.8231,17.51,273,0.747,0.0419,16.3,1.70E-07,5.90E-09,1.40E-07
20103067,103067 (1999 XA143),,1.282,0.246,0.5812,1.844,38.56,914,2.5,0.0422,16.4,7.70E-09,1.10E-09,1.40E-08
20529753,529753 (2010 MF1),,0.363,0.178,0.5882,2.498,9.1,1.44E+03,3.95,0.0425,16.5,1.40E-08,7.30E-09,3.60E-08
20357022,357022 (1999 YG3),,0.432,0.217,0.3295,1.285,34.52,532,1.46,0.0427,16.6,4.60E-08,1.80E-09,5.90E-08
3741556,       (2016 BR80),,0.208,0.123,0.4525,1.703,12.07,812,2.22,0.0427,16.6,1.00E-07,1.50E-07,1.20E-07
20369264,369264 (2009 MS),,1.515,0.232,0.57,2.005,52.38,1.04E+03,2.84,0.043,16.8,3.80E-10,4.90E-10,7.40E-10
20411165,411165 (2010 DF1),,0.159,0.121,0.5032,1.598,20.08,738,2.02,0.0433,16.9,6.60E-08,8.90E-09,1.00E-07
3550233,       (2010 VZ),,0.38,0.194,0.5922,2.447,8.46,1.40E+03,3.83,0.0435,16.9,8.00E-08,8.80E-08,2.00E-07
20002102,  2102 Tantalus (1975 YA),Tantalus,1.649,0.245,0.2993,1.29,64,535,1.47,0.0436,17,4.20E-10,2.40E-10,5.80E-10
3739316,       (2016 AA10),,0.271,0.2,0.5093,1.879,12.66,941,2.58,0.0436,17,6.30E-08,8.70E-08,1.10E-07
3541751,       (2010 ON101),,0.238,0.225,0.4095,1.629,9.31,759,2.08,0.0442,17.2,6.90E-08,8.20E-08,1.40E-07
20010115, 10115 (1992 SK),,0.938,0.318,0.325,1.249,15.32,510,1.4,0.0444,17.3,2.30E-09,7.70E-10,3.20E-09
20003122,  3122 Florence (1981 ET3),Florence,4.9,0.231,0.4231,1.769,22.14,859,2.35,0.0449,17.5,6.00E-10,4.50E-10,1.10E-09
20390725,390725 (2003 HB),,0.293,0.271,0.3805,0.8497,18.11,286,0.783,0.045,17.5,1.50E-07,1.90E-09,1.30E-07
20152671,152671 (1998 HL3),,0.298,0.2,0.3659,1.129,2.68,438,1.2,0.0453,17.6,4.80E-08,3.40E-09,5.40E-08
3732675,       (2015 UK52),,0.213,0.353,0.3688,1.555,20.95,708,1.94,0.0455,17.7,4.30E-08,1.70E-08,5.90E-08
3114056,       (2002 CX58),,0.13,0.126,0.6449,2.852,2.48,1.76E+03,4.82,0.046,17.9,1.80E-08,2.20E-08,6.00E-08
20004486,  4486 Mithra (1987 SB),Mithra,1.849,0.297,0.662,2.205,3.04,1.20E+03,3.28,0.0462,18,1.30E-08,7.90E-10,2.90E-08
20242450,242450 (2004 QY2),,2.914,0.274,0.4772,1.084,37.03,412,1.13,0.0462,18,3.90E-09,4.20E-10,4.40E-09
20422686,422686 (2000 AC6),,0.176,0.143,0.2864,0.8537,4.7,288,0.789,0.0462,18,4.10E-08,4.00E-09,3.70E-08
3521440,       (2010 JO71),,0.037,0.349,0.3867,1.172,6.01,463,1.27,0.0462,18,6.90E-04,6.90E-04,3.80E-04
20162116,162116 (1998 SA15),,0.538,0.116,0.5585,1.916,7.11,969,2.65,0.0465,18.1,6.30E-08,6.10E-09,1.20E-07
3485263,       (2010 AJ30),,0.111,0.12,0.3024,0.8113,7.57,267,0.731,0.0466,18.1,2.40E-07,2.30E-09,1.90E-07
3515065,       (2010 GS7),,0.203,0.107,0.6591,2.694,9.12,1.61E+03,4.42,0.0466,18.1,4.90E-08,3.60E-08,1.20E-07
3744790,       (2016 DL),,0.228,0.103,0.4712,0.7142,23.85,220,0.604,0.0467,18.2,4.50E-07,7.30E-09,3.20E-07
3671129,       (2014 JV55),,0.321,0.156,0.692,2.457,41.44,1.41E+03,3.85,0.0469,18.3,3.00E-06,2.00E-05,1.50E-06
20007341,  7341 (1991 VK),,0.982,0.235,0.5061,1.841,5.41,913,2.5,0.0471,18.3,1.90E-09,3.60E-10,3.40E-09
20453707,453707 (2010 XY72),,0.495,0.261,0.2287,1.133,31.48,441,1.21,0.0473,18.4,7.00E-08,3.00E-09,7.90E-08
20250680,250680 (2005 QC5),,0.398,0.147,0.3645,0.893,9.45,308,0.844,0.0476,18.5,1.50E-07,1.90E-09,1.40E-07
20053789, 53789 (2000 ED104),,0.843,0.222,0.2692,1.371,40.78,586,1.6,0.0482,18.7,1.00E-09,2.00E-09,2.20E-09
20310560,310560 (2001 QL142),,0.654,0.313,0.4991,1.049,26.6,393,1.08,0.0482,18.8,5.30E-09,5.80E-10,5.30E-09
20506074,506074 Svarog (2015 UM67),Svarog,0.665,0.11,0.6874,1.558,6.01,710,1.94,0.0482,18.7,3.60E-08,1.30E-08,5.70E-08
3514889,       (2010 GZ5),,0.071,0.281,0.5857,1.435,6.12,628,1.72,0.0483,18.8,6.50E-07,5.00E-09,9.30E-07
3747314,       (2016 EH157),,0.231,0.121,0.6246,2.434,10.04,1.39E+03,3.8,0.0484,18.8,4.20E-08,1.30E-07,6.70E-08
3715498,       (2015 GS),,0.262,0.149,0.4769,1.727,11.85,829,2.27,0.0491,19.1,7.30E-08,2.40E-08,1.30E-07
20263976,263976 (2009 KD5),,0.785,0.125,0.2615,1.046,13.47,391,1.07,0.0492,19.2,4.30E-08,1.80E-09,4.50E-08
20465826,465826 (2010 GA24),,0.15,0.285,0.5468,2.097,7.68,1.11E+03,3.04,0.0494,19.2,5.00E-08,1.10E-08,1.00E-07
20143624,143624 (2003 HM16),,2.137,0.169,0.5773,1.967,35.54,1.01E+03,2.76,0.0499,19.4,1.40E-09,2.20E-09,2.90E-09
20001685,  1685 Toro (1948 OA),Toro,3.4,0.31,0.4361,1.368,9.38,584,1.6,0.0504,19.6,7.80E-10,1.70E-10,1.00E-09
3689346,       (2014 SV141),,0.172,0.137,0.5223,2.132,7.8,1.14E+03,3.11,0.0504,19.6,3.10E-08,1.60E-07,1.30E-07
20481327,481327 (2006 BB27),,0.216,0.378,0.2456,1.362,27.16,581,1.59,0.0506,19.7,5.10E-08,4.40E-09,6.80E-08
20456537,456537 (2007 BG),,0.308,0.242,0.3305,0.7868,12.75,255,0.698,0.0508,19.8,1.80E-07,2.90E-09,1.40E-07
3691097,       (2014 SU260),,0.174,0.112,0.3758,1.539,26.77,698,1.91,0.051,19.9,5.60E-08,3.20E-08,8.30E-08
3523337,       (2010 KU7),,0.102,0.224,0.3811,1.665,6.75,785,2.15,0.0511,19.9,1.30E-04,3.90E-04,2.00E-05
20614316,614316 (2008 YZ32),,0.382,0.111,0.6205,1.038,16.54,386,1.06,0.0512,19.9,1.90E-07,9.70E-09,2.00E-07
3529587,       (2010 LJ61),,0.192,0.208,0.4595,1.046,9.8,390,1.07,0.0516,20.1,2.30E-07,7.70E-09,2.50E-07
3671131,       (2014 JN57),,0.273,0.124,0.1677,1.243,28.59,506,1.39,0.0516,20.1,1.60E-07,2.40E-08,2.10E-07
3674338,       (2014 NE3),,0.233,0.296,0.3152,1.216,25.87,490,1.34,0.0516,20.1,5.90E-08,5.30E-09,7.20E-08
3729134,       (2015 SF20),,0.398,0.147,0.5566,2.129,5.97,1.13E+03,3.11,0.0526,20.5,4.50E-08,2.00E-08,9.70E-08
20516803,516803 (2010 JG88),,0.463,0.144,0.3844,1.374,30.61,588,1.61,0.0529,20.6,6.10E-08,5.30E-09,8.20E-08
20530938,530938 (2011 XE),,0.413,0.197,0.4634,0.7839,20.72,254,0.694,0.0533,20.7,2.50E-07,2.00E-09,1.90E-07
3656925,       (2014 BR8),,0.141,0.187,0.2392,1.22,17.14,492,1.35,0.0533,20.8,1.40E-07,2.40E-08,1.90E-07
3174196,       (2004 BZ74),,0.962,0.11,0.8891,3.062,17.06,1.96E+03,5.36,0.0535,20.8,2.30E-08,9.10E-09,7.10E-08
3508135,       (2010 CF55),,0.176,0.119,0.7612,1.9,5.15,957,2.62,0.0536,20.9,1.40E-03,7.10E-03,8.80E-04
20005645,  5645 (1990 SP),,1.668,0.121,0.3873,1.355,13.51,576,1.58,0.0538,20.9,6.20E-09,6.90E-10,8.10E-09
20455426,455426 (2003 MT9),,0.685,0.137,0.9224,2.533,6.84,1.47E+03,4.03,0.0539,21,1.40E-07,2.20E-08,3.60E-07
3508110,       (2010 CC19),,0.104,0.196,0.7513,1.1,46.17,421,1.15,0.0544,21.2,2.30E-03,8.70E-03,4.10E-04
20436030,436030 (2009 JO2),,0.295,0.296,0.4783,0.8883,19.63,306,0.837,0.0547,21.3,3.30E-07,4.30E-09,2.90E-07
3721158,       (2015 LL21),,0.374,0.139,0.7179,2.186,6.99,1.18E+03,3.23,0.0548,21.3,9.80E-04,5.80E-03,5.20E-04
3527906,       (2010 LH14),,0.101,0.274,0.5745,2.201,4.67,1.19E+03,3.26,0.0552,21.5,1.90E-08,3.60E-09,4.10E-08
20408751,408751 (1987 SF3),,0.399,0.278,0.5338,2.253,3.35,1.24E+03,3.38,0.0558,21.7,2.50E-08,6.70E-09,5.60E-08
20422638,422638 (1994 CB),,0.193,0.195,0.1451,1.149,18.26,450,1.23,0.0562,21.9,2.80E-08,6.70E-10,3.20E-08
20003908,  3908 Nyx (1980 PA),Nyx,1,0.23,0.4592,1.928,2.19,978,2.68,0.0564,22,1.90E-09,1.30E-09,3.90E-09
3753719,       (2016 LM8),,0.43,0.289,0.6456,2.163,12.94,1.16E+03,3.18,0.0565,22,3.40E-08,5.40E-08,7.00E-08
3674874,       (2014 OY1),,0.598,0.113,0.6295,2.574,23.19,1.51E+03,4.13,0.0567,22.1,6.30E-08,1.10E-07,2.00E-07
20285331,285331 (1999 FN53),,0.654,0.198,0.4563,1.735,20.17,835,2.29,0.057,22.2,1.20E-08,1.90E-09,2.00E-08
20005143,  5143 Heracles (1991 VL),Heracles,4.843,0.227,0.771,1.835,8.98,908,2.49,0.0578,22.5,7.60E-10,8.60E-10,1.40E-09
3740930,       (2016 BX14),,0.199,0.195,0.52,2.058,4.44,1.08E+03,2.95,0.0578,22.5,9.10E-09,6.20E-09,1.90E-08
20153249,153249 (2001 BW15),,3.16,0.177,0.5905,2.118,41.24,1.13E+03,3.08,0.0581,22.6,1.50E-09,1.30E-09,3.50E-09
20066400, 66400 (1999 LT7),,0.411,0.182,0.5726,0.8554,9.06,289,0.791,0.0593,23.1,3.10E-08,3.40E-09,2.70E-08
20137032,137032 (1998 UO1),,1.055,0.183,0.7636,1.595,25.49,736,2.02,0.0594,23.1,4.90E-08,1.80E-09,7.90E-08
20614521,614521 (2009 UK),,0.28,0.225,0.4829,1.978,3.53,1.02E+03,2.78,0.0598,23.3,2.40E-08,2.90E-09,4.70E-08
3515066,       (2010 GT7),,0.216,0.326,0.6781,2.733,8.43,1.65E+03,4.52,0.06,23.4,3.50E-08,4.70E-08,1.10E-07
3726511,       (2015 QM3),,0.267,0.189,0.5312,0.706,16.15,217,0.593,0.06,23.4,1.30E-07,5.10E-09,8.90E-08
20211871,211871 (2004 HO),,0.411,0.315,0.5109,1.847,7.87,917,2.51,0.0604,23.5,4.40E-08,2.80E-09,8.10E-08
3724111,       (2015 NA14),,0.091,0.338,0.1837,0.9659,6.35,347,0.949,0.0605,23.6,1.40E-07,2.60E-08,1.50E-07
20356394,356394 (2010 QD2),,1.071,0.152,0.7861,2.009,10.66,1.04E+03,2.85,0.0608,23.6,5.20E-08,3.80E-08,1.00E-07
20006611,  6611 (1993 VW),,1.408,0.158,0.4846,1.696,8.7,807,2.21,0.0611,23.8,2.50E-09,9.30E-10,4.10E-09
20142464,142464 (2002 TC9),,0.886,0.118,0.1548,1.234,16.28,501,1.37,0.0611,23.8,5.10E-09,9.80E-10,6.80E-09
20052387, 52387 Huitzilopochtli (1993 OM7),Huitzilopochtli,0.89,0.171,0.1896,1.282,24.15,530,1.45,0.0619,24.1,8.40E-10,3.90E-10,7.90E-10
3541504,       (2010 OF101),,0.303,0.231,0.3251,0.9509,23.37,339,0.927,0.062,24.1,1.70E-07,2.80E-09,1.60E-07
3739012,       (2015 YX7),,0.11,0.23,0.6053,2.456,4.03,1.41E+03,3.85,0.0621,24.2,1.50E-05,8.30E-05,4.90E-06
3523944,       (2010 KP10),,0.087,0.101,0.1662,1.132,16.2,440,1.2,0.0626,24.4,6.20E-08,1.70E-09,7.10E-08
20152563,152563 (1992 BF),,0.272,0.287,0.2716,0.9079,7.25,316,0.865,0.0634,24.7,2.90E-08,1.00E-09,2.70E-08
20477762,477762 (2010 XZ67),,0.326,0.201,0.4942,2.06,11.85,1.08E+03,2.96,0.0635,24.7,5.20E-09,5.70E-09,1.10E-08
20001943,  1943 Anteros (1973 EC),Anteros,2.3,0.17,0.2561,1.43,8.71,625,1.71,0.0637,24.8,1.00E-09,3.80E-10,1.70E-09
20007025,  7025 (1993 QA),,0.498,0.34,0.315,1.476,12.61,655,1.79,0.064,24.9,1.60E-08,1.20E-09,2.40E-08
20275974,275974 (2001 XD),,0.626,0.216,0.7958,2.045,11.3,1.07E+03,2.93,0.064,24.9,4.70E-08,8.40E-09,9.70E-08
3515380,       (2010 GL23),,0.092,0.159,0.3659,1.155,7.2,453,1.24,0.064,24.9,2.90E-04,2.30E-04,2.00E-04
20162181,162181 (1999 LF6),,0.729,0.175,0.2805,1.41,18.94,611,1.67,0.0643,25,3.30E-09,1.80E-09,5.60E-09
20017188, 17188 (1999 WC2),,1.819,0.147,0.6369,2.216,29.45,1.20E+03,3.3,0.0644,25.1,2.40E-08,3.90E-09,5.50E-08
20228502,228502 (2001 TE2),,0.302,0.194,0.1966,1.083,7.63,412,1.13,0.0649,25.3,3.80E-08,1.10E-09,4.10E-08
20271480,271480 (2004 FX31),,0.709,0.352,0.442,1.261,24.75,517,1.42,0.0651,25.3,6.30E-09,5.10E-10,7.80E-09
20242191,242191 (2003 NZ6),,0.37,0.334,0.4924,0.7934,18.25,258,0.707,0.0653,25.4,4.20E-08,4.00E-09,3.20E-08
20471083,471083 (2009 XF2),,0.244,0.271,0.2469,1.286,14.01,532,1.46,0.0653,25.4,7.70E-08,5.90E-09,9.80E-08
20438990,438990 (2010 SG13),,0.818,0.126,0.7485,1.252,33.8,512,1.4,0.0655,25.5,1.60E-07,1.40E-08,2.10E-07
3542541,       (2010 OH126),,0.218,0.103,0.4986,1.89,14.33,949,2.6,0.0659,25.7,6.20E-08,1.00E-08,1.20E-07
20361538,361538 (2007 JZ20),,0.479,0.313,0.3351,1.311,40.48,548,1.5,0.066,25.7,1.70E-09,2.40E-10,2.20E-09
3484838,       (2010 AN2),,0.123,0.155,0.4995,1.679,8.47,795,2.18,0.0669,26,9.50E-08,1.10E-08,1.50E-07
20475950,475950 (2007 FE1),,0.389,0.353,0.5489,2.017,9.85,1.05E+03,2.87,0.0671,26.1,7.40E-08,2.70E-08,1.60E-07
20002063,  2063 Bacchus (1977 HB),Bacchus,1.024,0.203,0.3494,1.078,9.44,409,1.12,0.0679,26.4,3.10E-09,6.10E-10,3.10E-09
20329915,329915 (2005 MB),,1.012,0.249,0.793,0.9854,41.36,357,0.978,0.0681,26.5,8.70E-07,3.50E-08,8.60E-07
20452389,452389 (2002 NW16),,0.846,0.156,0.0301,1.109,14.16,426,1.17,0.0682,26.6,3.60E-08,9.10E-10,4.00E-08
3713271,       (2015 EE7),,0.294,0.17,0.4114,1.702,27.31,811,2.22,0.0683,26.6,6.40E-08,2.30E-08,9.70E-08
3476774,       (2009 WA),,0.164,0.217,0.1448,1.136,29.84,442,1.21,0.0698,27.2,1.10E-07,1.70E-08,1.30E-07
20506590,506590 (2005 XB1),,0.099,0.287,0.4187,1.131,8.71,440,1.2,0.0705,27.5,5.80E-08,7.10E-09,6.70E-08
20003753,  3753 Cruithne (1986 TO),Cruithne,2.071,0.365,0.5148,0.9978,19.8,364,0.997,0.0712,27.7,1.50E-08,1.70E-10,1.50E-08
20085953, 85953 (1999 FK21),,0.59,0.32,0.703,0.7388,12.6,232,0.635,0.0712,27.7,1.50E-08,1.50E-09,1.10E-08
20239849,239849 (1999 VO11),,0.45,0.317,0.6336,2.256,15.75,1.24E+03,3.39,0.0714,27.8,1.30E-07,1.10E-08,2.90E-07
20001917,  1917 Cuyo (1968 AA),Cuyo,5.7,0.195,0.5057,2.149,23.96,1.15E+03,3.15,0.0719,28,6.00E-10,1.20E-09,1.40E-09
20488803,488803 (2005 GB120),,0.209,0.283,0.3948,0.7911,9.15,257,0.704,0.0729,28.4,8.50E-08,4.50E-09,6.60E-08
3582011,       (2011 QP96),,0.617,0.158,0.6378,2.815,7.2,1.72E+03,4.72,0.0731,28.4,6.10E-08,3.40E-08,1.70E-07
20477491,477491 (2010 CD19),,0.739,0.25,0.5788,2.258,20.75,1.24E+03,3.39,0.0734,28.5,8.50E-08,2.10E-08,1.90E-07
20066146, 66146 (1998 TU3),,2.864,0.224,0.4838,0.7875,5.41,255,0.699,0.0735,28.6,2.90E-09,1.70E-10,2.20E-09
20523631,523631 (2009 SX1),,0.564,0.167,0.4471,1.722,8.29,826,2.26,0.0736,28.7,1.70E-08,4.60E-09,2.90E-08
3508157,       (2010 DX1),,0.167,0.146,0.7049,2.594,20.25,1.53E+03,4.18,0.0742,28.9,1.60E-04,1.20E-03,7.10E-05
20066008, 66008 (1998 QH2),,1.484,0.319,0.3627,1.426,61,622,1.7,0.0748,29.1,5.50E-10,9.20E-11,7.90E-10
20003551,  3551 Verenia (1983 RD),Verenia,0.9,0.37,0.487,2.093,9.51,1.11E+03,3.03,0.0749,29.2,6.80E-08,1.10E-08,1.50E-07
20154993,154993 (2005 EA94),,0.828,0.195,0.6637,1.517,10.32,682,1.87,0.0752,29.2,2.10E-08,2.60E-09,3.20E-08
20172034,172034 (2001 WR1),,0.631,0.336,0.2026,1.277,25.03,527,1.44,0.0754,29.4,2.60E-09,7.00E-10,2.90E-09
20006063,  6063 Jason (1984 KB),Jason,1.4,0.21,0.7622,2.22,4.96,1.21E+03,3.31,0.0763,29.7,7.30E-09,2.30E-09,1.70E-08
20162269,162269 (1999 VO6),,1.01,0.274,0.7378,1.135,40.13,442,1.21,0.0768,29.9,3.90E-09,3.90E-10,4.40E-09
20325102,325102 (2008 EY5),,0.361,0.124,0.6268,0.6262,5.11,181,0.496,0.0784,30.5,1.10E-07,1.50E-08,6.80E-08
3516411,       (2010 FO92),,0.268,0.277,0.519,2.144,6.76,1.15E+03,3.14,0.0795,30.9,8.30E-08,3.20E-07,9.60E-08
3536669,       (2010 OC),,0.344,0.342,0.6333,2.883,12.74,1.79E+03,4.9,0.0797,31,4.50E-08,8.50E-08,1.20E-07
20003752,  3752 Camillo (1985 PA),Camillo,2.306,0.21,0.3016,1.414,55.56,614,1.68,0.0799,31.1,3.80E-10,1.20E-10,5.20E-10
20000887,   887 Alinda (A918 AA),Alinda,4.2,0.31,0.5711,2.473,9.4,1.42E+03,3.89,0.0805,31.3,7.90E-10,1.10E-09,1.90E-09
20388838,388838 (2008 EZ5),,0.378,0.196,0.5075,2.091,8,1.10E+03,3.02,0.0808,31.5,1.10E-08,2.50E-09,2.30E-08
3536591,       (2010 NG1),,0.229,0.142,0.3326,0.8494,24.74,286,0.783,0.0811,31.6,2.20E-07,4.60E-09,1.90E-07
20086666, 86666 (2000 FL10),,1.165,0.228,0.4271,1.463,29.01,646,1.77,0.0815,31.7,1.10E-09,1.90E-09,1.40E-09
3799760,       (2018 DX3),,0.289,0.176,0.4974,2.108,7.65,1.12E+03,3.06,0.0827,32.2,5.20E-08,2.50E-08,1.10E-07
20162385,162385 (2000 BM19),,0.812,0.115,0.3586,0.7407,6.88,233,0.637,0.0828,32.2,8.30E-08,1.20E-09,6.20E-08
20007888,  7888 (1993 UC),,2.298,0.257,0.6631,2.438,26.07,1.39E+03,3.81,0.0843,32.8,1.40E-09,6.10E-10,3.50E-09
20415711,415711 (1998 WT7),,0.346,0.371,0.11,1.152,40.7,452,1.24,0.0854,33.2,6.20E-08,1.50E-09,7.20E-08
20511777,511777 (2015 EZ),,0.194,0.358,0.2838,1.364,13.21,582,1.59,0.0866,33.7,1.30E-08,1.10E-09,1.80E-08
3514956,       (2010 GT6),,0.116,0.3,0.5919,1.495,10.07,668,1.83,0.0868,33.8,1.20E-06,8.70E-09,1.80E-06
20345722,345722 (2007 BG29),,0.653,0.258,0.3347,0.8327,18.51,278,0.76,0.0872,33.9,7.70E-09,4.50E-10,6.60E-09
20162058,162058 (1997 AE12),,0.847,0.186,0.5543,2.367,4.85,1.33E+03,3.64,0.0878,34.2,2.20E-08,5.10E-09,5.30E-08
20250458,250458 (2004 BO41),,0.63,0.282,0.4929,1.019,35.55,375,1.03,0.089,34.6,2.70E-08,3.20E-09,2.70E-08
20020826, 20826 (2000 UV13),,3.687,0.123,0.6362,2.418,31.92,1.37E+03,3.76,0.0896,34.9,3.90E-10,5.90E-10,9.40E-10
20137924,137924 (2000 BD19),,0.97,0.247,0.8949,0.8764,25.74,300,0.821,0.0899,35,5.10E-09,1.20E-09,4.60E-09
20152964,152964 (2000 GP82),,0.788,0.342,0.3934,1.397,13.23,603,1.65,0.0902,35.1,7.50E-09,1.60E-09,1.10E-08
20153195,153195 (2000 WB1),,1.327,0.1,0.619,1.301,41.11,542,1.48,0.0909,35.4,5.10E-08,5.20E-09,6.70E-08
3517109,       (2010 HC),,0.128,0.328,0.5224,2.127,6.87,1.13E+03,3.1,0.0909,35.4,8.00E-06,3.50E-05,2.90E-07
3738912,       (2015 YB1),,0.186,0.128,0.4106,1.539,28.62,697,1.91,0.0914,35.6,9.60E-08,4.50E-08,1.70E-07
3541502,       (2010 OC101),,0.148,0.384,0.2275,1.222,13.6,493,1.35,0.0921,35.8,3.30E-08,4.20E-09,4.00E-08
3758841,       (2016 QC84),,0.25,0.257,0.4027,1.506,16.63,675,1.85,0.0925,36,1.20E-07,2.60E-07,3.90E-08
3735657,       (2015 XK1),,0.35,0.145,0.5346,1.635,6.46,764,2.09,0.093,36.2,3.90E-08,2.00E-08,5.80E-08
20534676,534676 (2014 VK2),,0.691,0.123,0.6036,1.838,16.39,910,2.49,0.0937,36.5,6.60E-08,4.10E-09,1.20E-07
20100756,100756 (1998 FM5),,1.809,0.163,0.5546,2.264,11.58,1.24E+03,3.41,0.0946,36.8,1.80E-09,1.50E-09,4.00E-09
3514891,       (2010 GB6),,0.134,0.142,0.2449,0.8821,35.31,303,0.828,0.096,37.4,5.10E-07,1.40E-08,4.60E-07
3092259,       (2000 GW127),,0.477,0.135,0.7271,2.247,6.65,1.23E+03,3.37,0.0965,37.6,7.80E-08,1.80E-08,1.80E-07
3508161,       (2010 CP140),,0.556,0.11,0.5384,1.9,14.47,957,2.62,0.0968,37.7,6.50E-08,1.40E-08,1.30E-07
3515379,       (2010 GK23),,0.277,0.303,0.6828,2.749,35,1.66E+03,4.56,0.0969,37.7,4.70E-02,4.00E-01,7.70E-04
3523340,       (2010 KA8),,0.183,0.147,0.4338,1.62,10.12,753,2.06,0.097,37.8,3.80E-05,1.00E-04,7.90E-06
3514957,       (2010 GU6),,0.252,0.147,0.6796,2.69,10.29,1.61E+03,4.41,0.0973,37.9,2.30E-04,2.30E-03,1.40E-04
20200754,200754 (2001 WA25),,0.553,0.21,0.5169,1.756,15.51,850,2.33,0.0976,38,2.00E-08,1.60E-09,3.60E-08
20220124,220124 (2002 TE66),,0.609,0.208,0.3778,1.457,51.34,642,1.76,0.0978,38.1,2.60E-08,1.70E-09,3.80E-08
20004197,  4197 Morpheus (1982 TA),Morpheus,1.8,0.37,0.7724,2.295,12.6,1.27E+03,3.48,0.0985,38.3,2.10E-08,2.10E-09,4.90E-08
20381677,381677 (2009 BJ81),,0.472,0.346,0.4558,1.851,5.84,920,2.52,0.0988,38.4,7.00E-09,1.50E-09,1.30E-08
20345646,345646 (2006 TN),,0.413,0.117,0.345,1.562,17.28,713,1.95,0.0997,38.8,4.80E-08,1.20E-08,7.10E-08
20008201,  8201 (1994 AH2),,1.859,0.154,0.7061,2.539,9.54,1.48E+03,4.05,0.1,39,2.70E-08,5.00E-09,7.00E-08
20443837,443837 (2000 TJ1),,0.253,0.399,0.0809,1.161,39.54,457,1.25,0.101,39.3,1.70E-07,1.00E-09,2.00E-07
3535790,       (2010 NA),,0.32,0.109,0.6543,1.723,6.39,826,2.26,0.101,39.2,5.10E-08,8.00E-09,8.60E-08
20274138,274138 (2008 FU6),,0.747,0.24,0.569,1.324,12.83,556,1.52,0.102,39.6,4.20E-08,3.20E-09,5.40E-08
20023606, 23606 (1996 AS1),,0.866,0.123,0.3611,1.75,14.36,846,2.32,0.103,40.1,2.90E-08,6.40E-09,5.00E-08
3748364,       (2016 FE12),,0.202,0.248,0.6974,1.276,29.83,526,1.44,0.103,40.2,1.10E-06,2.80E-07,1.40E-06
20001866,  1866 Sisyphus (1972 XA),Sisyphus,8.48,0.15,0.538,1.894,41.21,952,2.61,0.104,40.5,1.20E-09,4.60E-10,2.30E-09
20322763,322763 (2001 FA7),,1.252,0.196,0.536,2.007,22.83,1.04E+03,2.84,0.104,40.4,4.60E-08,1.20E-08,9.20E-08
3536621,       (2010 NB2),,0.21,0.303,0.761,2.085,28.69,1.10E+03,3.01,0.104,40.4,3.20E-06,5.80E-08,6.70E-06
20014402, 14402 (1991 DB),,0.6,0.14,0.4016,1.715,11.41,820,2.25,0.105,40.7,2.60E-08,9.30E-10,4.40E-08
20142563,142563 (2002 TR69),,0.86,0.378,0.3436,1.66,20.49,781,2.14,0.105,40.8,7.40E-09,1.80E-09,1.10E-08
20003360,  3360 Syrinx (1981 VA),Syrinx,1.8,0.17,0.7457,2.468,21.14,1.42E+03,3.88,0.106,41.2,6.70E-10,1.30E-09,1.60E-09
20218017,218017 (2001 XV266),,0.451,0.115,0.1927,1.196,12,478,1.31,0.106,41.1,4.20E-08,1.80E-09,5.00E-08
20247517,247517 (2002 QY6),,0.269,0.357,0.699,0.8171,12.75,270,0.739,0.106,41.2,5.30E-08,3.40E-09,4.40E-08
3670100,       (2014 HF177),,0.253,0.364,0.5492,2.279,7.21,1.26E+03,3.44,0.106,41.2,1.90E-08,1.80E-08,3.80E-08
3740048,       (2016 AO165),,0.374,0.138,0.7065,3.219,8.98,2.11E+03,5.78,0.106,41.1,5.60E-06,5.80E-05,9.50E-07
20003288,  3288 Seleucus (1982 DV),Seleucus,2.8,0.22,0.4549,2.035,5.93,1.06E+03,2.9,0.108,41.8,1.40E-09,1.40E-09,2.80E-09
20087311, 87311 (2000 QJ1),,1.948,0.142,0.5121,1.59,7.7,732,2.01,0.108,42,2.50E-09,9.00E-10,3.90E-09
20368184,368184 (2000 RN77),,0.381,0.193,0.3181,0.9512,16.1,339,0.928,0.108,42,2.00E-07,6.10E-09,1.90E-07
20418929,418929 (2009 DM1),,1.432,0.137,0.641,2.893,15.21,1.80E+03,4.92,0.108,42,1.20E-08,6.80E-09,3.50E-08
20004688,  4688 (1980 WF),,0.6,0.18,0.5179,2.232,6.38,1.22E+03,3.34,0.109,42.2,4.00E-08,6.50E-09,9.00E-08
20138013,138013 (2000 CN101),,3.518,0.172,0.6348,1.598,15.98,738,2.02,0.109,42.3,1.10E-08,1.40E-09,1.80E-08
20349219,349219 (2007 SV11),,0.583,0.272,0.4939,1.734,32.22,834,2.28,0.109,42.5,1.20E-07,5.60E-09,2.10E-07
20155110,155110 (2005 TB),,0.683,0.379,0.3486,1.261,30.38,517,1.42,0.11,42.7,1.10E-09,4.60E-10,1.40E-09
20001915,  1915 Quetzalcoatl (1953 EA),Quetzalcoatl,0.5,0.21,0.5703,2.544,20.4,1.48E+03,4.06,0.111,43.2,2.20E-07,8.20E-08,5.90E-07
20001627,  1627 Ivar (1929 SH),Ivar,9.12,0.15,0.397,1.863,8.45,929,2.54,0.112,43.6,7.40E-10,2.90E-10,1.40E-09
20085818, 85818 (1998 XM4),,2.028,0.168,0.416,1.657,62.72,779,2.13,0.112,43.4,2.10E-09,7.50E-10,3.30E-09
20152742,152742 (1998 XE12),,0.413,0.264,0.7392,0.8781,13.43,301,0.823,0.112,43.5,4.10E-08,4.50E-09,3.60E-08
20164206,164206 (2004 FN18),,1.138,0.124,0.4096,1.701,18.28,810,2.22,0.112,43.7,3.60E-09,2.00E-09,6.30E-09
20407324,407324 (2010 OB101),,0.281,0.141,0.5227,1.617,9.13,751,2.06,0.112,43.5,1.30E-07,3.40E-08,2.00E-07
20002212,  2212 Hephaistos (1978 SB),Hephaistos,5.7,0.163,0.8361,2.166,11.31,1.16E+03,3.19,0.113,44.1,1.00E-09,1.40E-09,2.30E-09
20394130,394130 (2006 HY51),,1.218,0.157,0.9685,2.589,33.58,1.52E+03,4.16,0.113,43.9,1.70E-08,1.50E-08,4.30E-08
3521441,       (2010 CJ171),,0.134,0.358,0.4914,1.996,7.38,1.03E+03,2.82,0.113,43.8,1.60E-08,9.80E-09,3.20E-08
3597511,       (2012 CC17),,0.231,0.208,0.3645,1.621,11.8,754,2.06,0.113,44.1,1.50E-07,1.60E-07,2.70E-07
20002062,  2062 Aten (1976 AA),Aten,1.1,0.26,0.1829,0.967,18.93,347,0.951,0.114,44.5,1.40E-09,1.00E-09,1.30E-09
20142040,142040 (2002 QE15),,1.232,0.353,0.3446,1.667,28.25,786,2.15,0.116,45.1,4.60E-10,1.30E-09,1.30E-09
20173689,173689 (2001 PK9),,0.724,0.161,0.395,1.779,10.43,867,2.37,0.116,45,3.50E-08,7.60E-09,6.20E-08
20194386,194386 (2001 VG5),,0.916,0.353,0.6135,2.301,13.69,1.28E+03,3.49,0.116,45.1,1.10E-08,1.50E-09,2.50E-08
20161999,161999 (1989 RC),,0.458,0.211,0.5121,2.316,7.37,1.29E+03,3.52,0.117,45.7,1.20E-07,1.20E-08,2.80E-07
3710225,       (2015 CP13),,0.384,0.144,0.6633,2.439,8.84,1.39E+03,3.81,0.117,45.4,2.80E-07,2.00E-07,6.80E-07
20011066, 11066 Sigurd (1992 CC1),Sigurd,2.104,0.19,0.3754,1.392,36.88,600,1.64,0.118,46,5.80E-10,4.60E-10,9.80E-10
20011405, 11405 (1999 CV3),,3.621,0.112,0.3939,1.46,22.86,644,1.76,0.119,46.1,1.50E-09,3.40E-10,2.40E-09
20530531,530531 (2011 OL5),,0.28,0.187,0.1586,1.222,15.73,493,1.35,0.119,46.5,2.10E-08,2.60E-09,2.70E-08
20246138,246138 (2007 OG3),,0.588,0.269,0.4816,2.164,1.69,1.16E+03,3.18,0.12,46.6,5.00E-08,9.50E-09,1.10E-07
20008567,  8567 (1996 HW1),,2.928,0.156,0.4493,2.045,8.45,1.07E+03,2.92,0.121,47.3,1.00E-09,2.70E-10,2.10E-09
20152564,152564 (1992 HF),,0.282,0.169,0.5617,1.391,13.32,599,1.64,0.121,46.9,4.00E-08,2.10E-09,5.50E-08
3686191,       (2014 RL12),,0.694,0.254,0.674,2.76,23.79,1.68E+03,4.59,0.121,47.2,1.80E-08,2.60E-08,4.90E-08
20019356, 19356 (1997 GH3),,0.91,0.34,0.5576,2.512,3.01,1.45E+03,3.98,0.123,48,3.30E-08,1.20E-08,8.30E-08
20315098,315098 (2007 EX),,0.993,0.313,0.4174,0.8716,18.7,297,0.814,0.124,48.1,1.90E-08,1.10E-09,1.60E-08
20085709, 85709 (1998 SG36),,2.23,0.141,0.3374,1.646,24.83,771,2.11,0.125,48.8,3.80E-09,4.80E-10,6.20E-09
20299582,299582 (2006 GQ2),,0.622,0.288,0.4659,1.29,25.83,535,1.47,0.125,48.8,1.10E-07,6.40E-09,1.50E-07
20513550,513550 (2010 NG3),,1.451,0.111,0.569,2.612,26.99,1.54E+03,4.22,0.126,48.9,5.30E-08,4.10E-08,1.40E-07
20152941,152941 (2000 FM10),,0.82,0.205,0.6808,1.481,8.73,658,1.8,0.127,49.4,3.60E-08,2.90E-09,5.40E-08
20511808,511808 (2015 FH120),,0.746,0.105,0.6097,2.038,11.1,1.06E+03,2.91,0.127,49.3,2.10E-08,8.30E-09,4.40E-08
20100926,100926 (1998 MQ),,1.174,0.234,0.4074,1.783,24.24,870,2.38,0.13,50.5,1.60E-09,2.90E-10,2.90E-09
20385402,385402 (2002 WZ2),,1.597,0.11,0.8844,2.461,51.27,1.41E+03,3.86,0.13,50.7,1.30E-07,1.70E-08,3.30E-07
20276703,276703 (2004 BL11),,0.521,0.124,0.7498,1.26,9.81,517,1.41,0.131,51,3.20E-08,5.70E-09,4.00E-08
3541206,       (2010 OL100),,0.308,0.246,0.654,2.261,22.22,1.24E+03,3.4,0.131,51,8.60E-08,2.00E-08,1.90E-07
20190166,190166 (2005 UP156),,1.045,0.234,0.47,2.117,4.21,1.13E+03,3.08,0.132,51.4,6.10E-09,6.40E-09,1.30E-08
3735653,       (2015 XD1),,0.201,0.399,0.6556,2.278,11.59,1.26E+03,3.44,0.132,51.3,5.10E-08,1.10E-08,1.20E-07
20086667, 86667 (2000 FO10),,0.745,0.349,0.5946,0.8594,14.29,291,0.797,0.134,52,4.40E-09,9.90E-10,3.70E-09
20214088,214088 (2004 JN13),,2.423,0.25,0.6902,2.89,13.35,1.79E+03,4.91,0.134,52.2,1.50E-08,6.20E-09,4.50E-08
20364877,364877 (2008 EM9),,0.786,0.317,0.8526,1.958,9.44,1.00E+03,2.74,0.134,52.3,3.30E-08,1.40E-08,6.60E-08
20162038,162038 (1996 DH),,1.959,0.105,0.2766,1.587,17.23,730,2,0.135,52.7,1.20E-08,6.20E-10,1.90E-08
20334673,334673 (2003 AL18),,0.57,0.376,0.4165,1.685,15.72,799,2.19,0.135,52.7,2.90E-08,3.60E-09,4.90E-08
20532874,532874 (2013 YZ13),,0.31,0.266,0.2618,1.39,31.22,599,1.64,0.136,53,6.10E-08,6.50E-09,8.30E-08
20007839,  7839 (1994 ND),,0.784,0.181,0.5187,2.165,27.12,1.16E+03,3.19,0.137,53.1,7.20E-08,7.60E-09,1.60E-07
20048603, 48603 (1995 BC2),,0.844,0.227,0.4299,1.918,5.03,970,2.66,0.137,53.2,3.60E-08,3.50E-09,7.00E-08
3723816,       (2015 MN116),,0.394,0.137,0.5296,1.708,44.78,815,2.23,0.137,53.2,1.50E-07,9.20E-09,2.50E-07
3743895,       (2016 CK246),,0.094,0.347,0.7295,3.972,12.64,2.89E+03,7.92,0.138,53.7,9.50E-08,3.50E-08,3.70E-07
20138883,138883 (2000 YL29),,1.222,0.247,0.3439,1.536,21.89,695,1.9,0.139,54.2,1.00E-08,1.80E-09,1.60E-08
3114037,       (2002 CT46),,0.16,0.32,0.5246,2.37,15.67,1.33E+03,3.65,0.139,54.1,1.60E-05,2.40E-04,7.50E-05
20198856,198856 (2005 LR3),,0.742,0.389,0.3352,1.654,25,777,2.13,0.14,54.4,1.60E-08,2.80E-09,2.50E-08
20515049,515049 (2010 FL),,0.351,0.273,0.6555,1.919,11.4,971,2.66,0.14,54.4,4.70E-08,2.00E-08,9.00E-08
3514547,       (2010 FY80),,0.451,0.118,0.6125,2.694,18.81,1.61E+03,4.42,0.14,54.4,4.30E-08,1.70E-08,1.20E-07
3736204,       (2015 XR128),,0.47,0.183,0.3206,1.65,15.53,774,2.12,0.141,54.7,5.30E-08,5.10E-08,8.00E-08
20241370,241370 (2008 LW8),,0.764,0.224,0.3936,1.676,17.27,792,2.17,0.142,55.4,2.90E-08,2.90E-09,4.90E-08
20394392,394392 (2007 EP88),,0.636,0.174,0.8859,0.8373,20.74,280,0.766,0.142,55.3,1.80E-07,5.80E-09,1.50E-07
3739618,       (2016 AO66),,0.338,0.155,0.5442,2.326,26.65,1.30E+03,3.55,0.142,55.4,1.40E-07,1.50E-07,3.20E-07
20307070,307070 (2002 AV31),,0.282,0.117,0.2492,1.309,14.98,547,1.5,0.143,55.8,2.30E-08,4.00E-09,3.00E-08
20055408, 55408 (2001 TC2),,0.461,0.342,0.2245,1.1,30.39,421,1.15,0.144,56.1,2.90E-09,1.00E-09,2.80E-09
20016834, 16834 (1997 WU22),,1.87,0.22,0.4421,1.468,16,650,1.78,0.145,56.4,5.70E-10,1.50E-10,8.20E-10
20395143,395143 (2010 CN1),,0.636,0.124,0.4391,1.499,20.97,670,1.83,0.145,56.3,5.90E-08,6.70E-09,9.00E-08
20154807,154807 (2004 PP97),,0.469,0.319,0.3166,1.484,15.53,660,1.81,0.146,57,1.10E-09,6.50E-10,1.60E-09
20482054,482054 (2010 AE),,0.413,0.18,0.3769,1.489,15.98,663,1.82,0.147,57.3,4.50E-08,5.40E-09,6.70E-08
20510073,510073 (2010 JF88),,0.451,0.316,0.6581,2.233,17.31,1.22E+03,3.34,0.147,57.3,3.50E-08,1.10E-08,7.90E-08
3759751,       (2016 SG2),,0.278,0.131,0.8805,2.472,24.89,1.42E+03,3.89,0.149,58,2.70E-07,4.90E-08,6.80E-07
20000433,   433 Eros (A898 PA),Eros,16.84,0.25,0.2227,1.458,10.83,643,1.76,0.15,58.5,9.40E-09,1.60E-10,1.40E-08
20002100,  2100 Ra-Shalom (1978 RA),Ra-Shalom,2.3,0.13,0.4365,0.832,15.75,277,0.759,0.15,58.4,1.10E-09,1.50E-10,9.50E-10
20209924,209924 (2005 WS55),,1.861,0.185,0.4532,2.03,23.76,1.06E+03,2.89,0.15,58.3,5.80E-08,1.30E-08,1.10E-07
20499496,499496 (2010 MR87),,0.357,0.22,0.3906,1.734,34.99,834,2.28,0.15,58.5,5.30E-08,1.50E-08,9.50E-08
20162142,162142 (1998 VR),,0.462,0.25,0.3179,0.8753,21.81,299,0.819,0.151,58.9,8.50E-08,8.30E-10,7.40E-08
20374449,374449 (2005 XD1),,0.414,0.179,0.3065,1.62,18.28,753,2.06,0.152,59,8.10E-08,2.70E-08,1.30E-07
20614643,614643 (2010 GH65),,0.493,0.241,0.6104,2.711,21.01,1.63E+03,4.46,0.152,59.2,2.70E-07,3.90E-08,7.30E-07
20326683,326683 (2002 WP),,0.518,0.315,0.2158,1.45,19.15,638,1.75,0.153,59.3,1.40E-09,7.20E-10,1.90E-09
20002608,  2608 Seneca (1978 DA),Seneca,0.9,0.21,0.5651,2.532,14.43,1.47E+03,4.03,0.155,60.3,1.10E-07,2.30E-08,2.70E-07
20365449,365449 (2010 NJ1),,0.215,0.264,0.5406,0.9684,11.22,348,0.953,0.155,60.3,2.00E-07,1.40E-08,2.00E-07
20001865,  1865 Cerberus (1971 UA),Cerberus,1.2,0.22,0.4668,1.08,16.1,410,1.12,0.157,61,2.20E-09,9.90E-10,2.10E-09
20040267, 40267 (1999 GJ4),,1.641,0.214,0.8084,1.339,34.48,566,1.55,0.157,60.9,1.40E-09,7.50E-10,1.90E-09
3727643,       (2015 RS83),,0.474,0.137,0.7657,2.795,11.64,1.71E+03,4.67,0.157,61.1,2.20E-07,7.10E-08,6.40E-07
20138847,138847 (2000 VE62),,0.965,0.396,0.2879,1.619,22.18,752,2.06,0.158,61.6,7.50E-10,3.00E-10,1.40E-09
20388189,388189 (2006 DS14),,0.315,0.123,0.3365,0.8638,26.54,293,0.803,0.158,61.3,3.30E-07,3.90E-09,2.80E-07
3591756,       (2011 YB40),,0.424,0.225,0.5936,2.555,32.73,1.49E+03,4.08,0.159,62,1.10E-07,5.60E-08,2.90E-07
20152931,152931 (2000 EA107),,1.646,0.237,0.4557,0.9297,28.58,327,0.897,0.16,62.4,3.70E-09,4.50E-10,3.60E-09
3440286,       (2008 WB59),,0.407,0.203,0.188,1.045,25.65,390,1.07,0.16,62.2,1.00E-07,1.60E-09,1.00E-07
3514959,       (2010 GA7),,0.151,0.256,0.3892,0.9126,30,318,0.872,0.164,63.9,5.40E-07,2.60E-09,4.90E-07
20238456,238456 (2004 RK),,0.328,0.312,0.3004,1.389,18.15,598,1.64,0.165,64,2.20E-08,1.40E-09,3.00E-08
20442605,442605 (2012 HY33),,0.44,0.209,0.5435,1.998,14.7,1.03E+03,2.82,0.165,64,7.80E-08,3.70E-08,1.60E-07
3655971,       (2014 AN51),,0.222,0.225,0.5571,1.425,9.92,621,1.7,0.165,64.1,4.20E-07,4.10E-08,6.00E-07
20496174,496174 (2011 CQ4),,0.657,0.179,0.5833,2.001,23.74,1.03E+03,2.83,0.166,64.7,7.60E-08,3.20E-08,1.50E-07
3739082,       (2015 YT10),,0.359,0.137,0.7847,2.351,10.9,1.32E+03,3.6,0.167,64.8,8.90E-05,9.80E-04,5.70E-06
20307918,307918 (2004 EU9),,0.374,0.358,0.5053,0.8804,28.58,302,0.826,0.168,65.6,7.70E-08,1.40E-09,6.80E-08
20277616,277616 (2006 BN6),,1.236,0.119,0.6943,2.577,18.75,1.51E+03,4.14,0.173,67.1,4.00E-08,1.90E-08,1.00E-07
20230979,230979 (2005 AT42),,1.522,0.207,0.6136,2.858,11.21,1.76E+03,4.83,0.174,67.7,2.30E-08,2.70E-08,6.50E-08
20411201,411201 (2010 LJ14),,0.658,0.31,0.3417,1.626,12.03,757,2.07,0.174,67.5,2.00E-08,5.70E-09,3.50E-08
20162483,162483 (2000 PJ5),,0.906,0.236,0.3737,0.8727,51.18,298,0.815,0.176,68.6,1.30E-09,4.10E-10,1.40E-09
20139289,139289 (2001 KR1),,1.126,0.127,0.8413,1.26,23.26,516,1.41,0.177,69,3.50E-08,3.70E-09,4.40E-08
20138947,138947 (2001 BA40),,0.447,0.292,0.2538,1.119,12.85,432,1.18,0.18,70,2.60E-08,4.70E-09,3.00E-08
20464885,464885 (2005 LS3),,0.384,0.19,0.2677,1.49,34.9,664,1.82,0.18,69.9,7.90E-08,6.40E-09,1.20E-07
20006178,  6178 (1986 DA),,2.3,0.15,0.5845,2.815,4.31,1.72E+03,4.72,0.182,70.9,1.70E-08,5.90E-09,4.90E-08
3538600,       (2010 OE22),,0.174,0.176,0.6319,2.644,14.26,1.57E+03,4.3,0.182,70.9,7.50E-05,4.40E-04,3.60E-05
3537907,       (2010 OQ1),,0.539,0.153,0.5486,2.145,18.89,1.15E+03,3.14,0.184,71.7,7.10E-08,4.50E-08,1.50E-07
20005836,  5836 (1993 MF),,2.754,0.156,0.5365,2.441,7.94,1.39E+03,3.81,0.185,71.9,1.70E-09,1.30E-09,4.10E-09
20001863,  1863 Antinous (1948 EA),Antinous,2.1,0.24,0.6063,2.261,18.35,1.24E+03,3.4,0.187,72.6,8.20E-10,1.10E-09,1.90E-09
20039796, 39796 (1997 TD),,2.131,0.205,0.4677,2.251,12.91,1.23E+03,3.38,0.19,74,1.50E-09,1.50E-09,3.90E-09
3541503,       (2010 OD101),,0.198,0.217,0.3582,1.619,15.39,752,2.06,0.19,73.8,5.50E-08,3.20E-08,1.00E-07
20363814,363814 (2005 ND7),,1.105,0.1,0.4824,1.964,52.57,1.01E+03,2.75,0.191,74.2,3.10E-08,3.30E-09,6.10E-08
3515658,       (2010 GO33),,0.313,0.377,0.6981,2.409,19.12,1.37E+03,3.74,0.193,75.1,2.30E-07,4.10E-08,5.40E-07
20004954,  4954 Eric (1990 SQ),Eric,10.8,0.176,0.4494,2.001,17.43,1.03E+03,2.83,0.194,75.6,6.10E-10,5.80E-10,1.20E-09
3337834,       (2006 OG15),,0.365,0.159,0.6306,2.541,17.13,1.48E+03,4.05,0.194,75.4,5.80E-08,2.20E-08,1.40E-07
20088710, 88710 (2001 SL9),,0.76,0.281,0.2701,1.061,21.9,399,1.09,0.196,76.1,3.60E-09,5.00E-10,3.70E-09
20237551,237551 (2000 WQ19),,0.63,0.234,0.347,1.406,34.27,609,1.67,0.196,76.1,7.20E-08,3.40E-09,1.00E-07
20337119,337119 (1999 TK12),,0.521,0.235,0.3928,1.683,24.49,797,2.18,0.197,76.5,3.20E-08,3.20E-09,5.40E-08
20537829,537829 (2015 XY378),,0.312,0.214,0.4893,0.7102,13.92,219,0.598,0.197,76.6,2.90E-07,6.20E-09,2.10E-07
20349925,349925 (2009 WC26),,0.92,0.229,0.6973,2.171,12.02,1.17E+03,3.2,0.198,77.1,4.30E-08,9.30E-09,9.50E-08
3481977,       (2009 XD),,0.615,0.154,0.6733,2.451,31.45,1.40E+03,3.84,0.2,77.9,9.00E-08,6.20E-08,2.20E-07
20086829, 86829 (2000 GR146),,1.823,0.232,0.575,1.463,14.37,646,1.77,0.203,79,1.10E-09,8.10E-10,1.50E-09
20011398, 11398 (1998 YP11),,1.316,0.318,0.3895,1.721,15.02,824,2.26,0.204,79.2,4.80E-10,1.50E-09,1.10E-09
20277039,277039 (2005 CF41),,0.676,0.156,0.5859,1.649,15.87,773,2.12,0.206,80.3,7.30E-08,1.20E-08,1.20E-07
20482111,482111 (2010 NT1),,0.383,0.209,0.2182,1.458,39.52,643,1.76,0.207,80.7,1.20E-07,9.40E-09,1.80E-07
20505667,505667 (2014 UV33),,0.82,0.182,0.4138,2.016,8.86,1.05E+03,2.86,0.208,81,3.80E-08,1.50E-08,6.90E-08
20232382,232382 (2003 BT47),,1.123,0.154,0.4935,2.335,7.45,1.30E+03,3.57,0.209,81.4,2.90E-08,8.70E-09,6.80E-08
20153842,153842 (2001 XT30),,1.759,0.193,0.5668,2.751,9,1.67E+03,4.56,0.21,81.6,1.70E-08,9.70E-09,4.80E-08
20005646,  5646 (1990 TR),,4.3,0.223,0.4357,2.144,7.91,1.15E+03,3.14,0.212,82.6,1.70E-09,6.50E-10,3.60E-09
20438107,438107 (2005 GY110),,0.663,0.191,0.6864,1.849,12.65,918,2.51,0.214,83.2,1.10E-07,2.00E-08,2.10E-07
3522125,       (2010 JG87),,0.408,0.202,0.9466,2.77,16.76,1.68E+03,4.61,0.215,83.8,6.30E-08,3.70E-08,1.70E-07
20285339,285339 (1999 JR6),,0.614,0.268,0.6755,1.367,20.32,583,1.6,0.221,86.2,1.20E-07,6.00E-09,1.60E-07
20006053,  6053 (1993 BW3),,3.72,0.14,0.5287,2.147,21.58,1.15E+03,3.15,0.222,86.4,4.50E-10,8.20E-10,8.30E-10
3522126,       (2010 JH87),,0.428,0.127,0.5402,1.537,43.76,696,1.91,0.222,86.4,1.00E-07,9.70E-08,1.60E-07
20488494,488494 (2000 JA3),,0.766,0.1,0.4569,2.253,10.19,1.24E+03,3.38,0.223,86.9,5.70E-08,5.60E-09,1.30E-07
20498066,498066 (2007 RM133),,0.589,0.268,0.4398,2.212,10.75,1.20E+03,3.29,0.224,87.1,3.60E-08,1.40E-08,8.30E-08
20613939,613939 (2008 CH116),,0.322,0.355,0.5875,0.6628,20.37,197,0.54,0.224,87.2,2.00E-07,3.30E-09,1.30E-07
3520694,       (2010 JA35),,0.309,0.107,0.5763,2.159,29.02,1.16E+03,3.17,0.224,87.3,8.70E-08,3.20E-07,1.10E-07
20241662,241662 (2000 KO44),,0.898,0.2,0.3885,1.83,28.62,904,2.48,0.225,87.7,3.30E-09,3.90E-09,5.30E-09
20458135,458135 (2010 GE25),,0.304,0.23,0.4677,2.067,21.61,1.09E+03,2.97,0.225,87.6,2.30E-07,1.10E-08,4.70E-07
20007088,  7088 Ishtar (1992 AA),Ishtar,1.298,0.26,0.3903,1.981,8.3,1.02E+03,2.79,0.226,87.8,3.10E-09,1.30E-09,5.40E-09
20184990,184990 (2006 KE89),,2.039,0.117,0.7991,1.053,45.12,395,1.08,0.228,88.8,5.70E-09,8.50E-10,6.10E-09
20464797,464797 (2004 FZ1),,0.726,0.16,0.5309,1.794,52.62,877,2.4,0.228,88.9,4.60E-08,2.80E-09,8.30E-08
20019764, 19764 (2000 NF5),,1.572,0.342,0.4428,2.235,1.33,1.22E+03,3.34,0.23,89.3,2.50E-08,3.30E-09,5.70E-08
20002368,  2368 Beltrovata (1977 RA),Beltrovata,2.3,0.27,0.4135,2.105,5.22,1.12E+03,3.05,0.232,90.5,2.60E-09,1.20E-09,5.60E-09
20455192,455192 (2000 QN130),,1.082,0.121,0.5767,2.882,2.68,1.79E+03,4.89,0.233,90.7,6.00E-08,3.40E-08,1.80E-07
20242187,242187 (2003 KR18),,0.605,0.334,0.48,2.346,5.58,1.31E+03,3.59,0.235,91.5,3.80E-08,3.30E-09,8.80E-08
20088188, 88188 (2000 XH44),,1.371,0.374,0.391,2.008,11.34,1.04E+03,2.85,0.236,91.8,2.40E-09,6.60E-10,4.80E-09
20243147,243147 (2007 TX18),,0.912,0.28,0.4155,2.137,7.36,1.14E+03,3.12,0.236,92,5.30E-08,1.90E-08,1.20E-07
20004055,  4055 Magellan (1985 DO2),Magellan,2.49,0.31,0.3261,1.82,23.25,897,2.46,0.24,93.3,6.60E-10,7.30E-10,1.10E-09
20005751,  5751 Zao (1992 AC),Zao,2.3,0.36,0.4254,2.101,16.07,1.11E+03,3.05,0.241,94,2.80E-09,7.90E-10,6.10E-09
3693516,       (2014 US),,0.556,0.186,0.5889,2.619,27.04,1.55E+03,4.24,0.242,94.1,4.60E-08,9.40E-08,1.20E-07
20001980,  1980 Tezcatlipoca (1950 LA),Tezcatlipoca,4.3,0.25,0.3647,1.71,26.87,817,2.24,0.245,95.5,6.20E-10,3.70E-10,1.20E-09
20159454,159454 (2000 DJ8),,0.577,0.367,0.2528,1.411,37.75,612,1.68,0.247,96.2,2.90E-08,2.90E-09,4.20E-08
20219071,219071 (1997 US9),,0.657,0.383,0.2821,1.053,20.02,395,1.08,0.247,96.2,1.90E-08,6.70E-10,2.00E-08
20066251, 66251 (1999 GJ2),,1.222,0.187,0.1979,1.536,11.28,695,1.9,0.248,96.5,5.70E-09,6.40E-10,8.80E-09
20235086,235086 (2003 HW11),,1.024,0.168,0.4659,2.352,7.4,1.32E+03,3.61,0.249,96.7,2.10E-08,6.20E-09,5.00E-08
20250614,250614 (2005 GG),,1.617,0.269,0.6595,2.042,34.84,1.07E+03,2.92,0.249,97.1,2.60E-09,3.10E-10,5.30E-09
3545179,       (2010 PY75),,0.758,0.102,0.776,2.657,31.55,1.58E+03,4.33,0.25,97.4,5.20E-08,3.30E-08,1.40E-07
20277617,277617 (2006 BT7),,0.666,0.19,0.6333,1.522,16.17,686,1.88,0.253,98.3,7.30E-08,4.50E-09,1.10E-07
20262623,262623 (2006 WY2),,0.761,0.122,0.3329,0.9833,27.55,356,0.975,0.255,99.1,8.10E-09,7.80E-10,8.30E-09
20437994,437994 (2003 UL12),,1.078,0.2,0.7032,3.28,19.81,2.17E+03,5.94,0.256,99.7,5.40E-08,1.50E-08,1.80E-07
20040263, 40263 (1999 FQ5),,0.954,0.177,0.1611,1.495,25.84,668,1.83,0.257,100,6.90E-09,1.50E-09,9.60E-09
20212359,212359 (2006 EV52),,1.261,0.232,0.7073,2.016,15.95,1.05E+03,2.86,0.257,99.8,8.30E-10,9.00E-10,1.90E-09
3508162,       (2010 DM21),,0.303,0.133,0.6575,2.861,21.16,1.77E+03,4.84,0.257,100,4.50E-08,3.40E-08,1.30E-07
3753800,       (2016 LE9),,0.681,0.289,0.7576,2.137,15.33,1.14E+03,3.12,0.259,101,3.70E-08,1.60E-08,7.60E-08
3092337,       (2001 SJ262),,0.34,0.177,0.5745,2.949,10.8,1.85E+03,5.06,0.261,102,1.20E-07,2.20E-07,4.20E-07
3715384,       (2015 FU332),,0.944,0.261,0.7425,2.64,35.88,1.57E+03,4.29,0.261,101,2.90E-07,1.80E-07,7.80E-07
20154589,154589 (2003 MX2),,1.109,0.395,0.4587,2.29,7.18,1.27E+03,3.47,0.264,103,2.50E-08,5.20E-09,5.70E-08
20163694,163694 (2003 DP13),,0.832,0.276,0.5435,2.641,9.82,1.57E+03,4.29,0.264,103,3.10E-08,1.10E-08,7.80E-08
3664084,       (2014 EZ48),,0.453,0.26,0.5642,2.255,25.51,1.24E+03,3.39,0.265,103,2.10E-08,1.60E-08,4.70E-08
3725759,       (2015 PM57),,0.585,0.187,0.7342,2.206,17.38,1.20E+03,3.28,0.267,104,6.90E-08,7.10E-08,1.30E-07
20006050,  6050 Miwablock (1992 AE),Miwablock,2.884,0.257,0.4372,2.202,6.41,1.19E+03,3.27,0.268,104,7.70E-10,7.50E-10,2.00E-09
20001864,  1864 Daedalus (1971 FA),Daedalus,3.7,0.273,0.6143,1.461,22.21,645,1.77,0.27,105,4.80E-10,3.70E-10,7.40E-10
3743742,       (2016 CQ195),,0.606,0.252,0.7062,2.165,28.41,1.16E+03,3.19,0.271,106,2.20E-07,1.20E-07,4.60E-07
20068063, 68063 (2000 YJ66),,2.301,0.211,0.4576,2.334,5.72,1.30E+03,3.57,0.274,107,2.20E-08,6.50E-09,5.20E-08
20025916, 25916 (2001 CP44),,5.683,0.177,0.4991,2.559,15.76,1.49E+03,4.09,0.277,108,1.20E-09,3.60E-10,3.10E-09
20433992,433992 (2000 HD74),,0.827,0.144,0.598,2.918,49.25,1.82E+03,4.99,0.277,108,1.20E-07,1.10E-08,3.60E-07
20152952,152952 (2000 GC2),,0.776,0.353,0.187,1.383,55.29,594,1.63,0.28,109,2.00E-09,6.10E-10,3.10E-09
20159686,159686 (2002 LB6),,1.845,0.162,0.6882,1.804,24.73,885,2.42,0.283,110,2.00E-09,6.70E-10,3.70E-09
20436325,436325 (2010 GR7),,0.452,0.378,0.8456,1.831,24.13,905,2.48,0.283,110,3.00E-08,6.40E-09,5.40E-08
20005653,  5653 Camarillo (1992 WD5),Camarillo,1.537,0.271,0.3042,1.794,6.87,878,2.4,0.284,111,2.70E-09,1.20E-09,5.30E-09
20009400,  9400 (1994 TW1),,3.698,0.155,0.5809,2.587,36,1.52E+03,4.16,0.284,111,6.00E-10,5.20E-10,1.70E-09
20006455,  6455 (1992 HE),,4.626,0.227,0.5728,2.24,37.34,1.22E+03,3.35,0.29,113,1.00E-09,1.00E-09,1.90E-09
20053430, 53430 (1999 TY16),,1.233,0.266,0.4035,2.099,60.41,1.11E+03,3.04,0.291,113,5.20E-08,5.20E-09,1.10E-07
3541750,       (2010 OL101),,0.195,0.321,0.5983,2.61,26.08,1.54E+03,4.22,0.294,114,7.10E-06,5.90E-05,5.00E-06
3555069,       (2010 XY82),,0.453,0.18,0.4897,2.187,26.78,1.18E+03,3.24,0.294,114,4.30E-08,4.80E-09,9.30E-08
20523595,523595 (2002 OS4),,0.658,0.195,0.4539,1.923,26.81,974,2.67,0.298,116,2.80E-08,2.30E-09,5.40E-08
20190119,190119 (2004 VA64),,1.451,0.121,0.8903,2.469,29.86,1.42E+03,3.88,0.299,116,5.10E-08,1.70E-08,1.30E-07
3516632,       (2010 GR75),,0.277,0.334,0.6362,1.727,17.79,829,2.27,0.299,116,7.30E-08,5.90E-09,1.30E-07
3703262,       (2014 YR43),,0.37,0.204,0.6114,2.486,26.45,1.43E+03,3.92,0.299,116,2.20E-08,2.20E-08,5.30E-08
20242147,242147 (2003 BH84),,1.687,0.108,0.7196,1.959,23.34,1.00E+03,2.74,0.302,118,4.40E-08,5.70E-09,8.70E-08
20068350, 68350 (2001 MK3),,1.794,0.219,0.2474,1.67,29.57,788,2.16,0.304,118,2.90E-09,9.00E-10,4.20E-09
20021088, 21088 Chelyabinsk (1992 BL2),Chelyabinsk,2.793,0.206,0.2384,1.706,38.45,814,2.23,0.309,120,7.20E-10,4.30E-10,1.10E-09
20152558,152558 (1990 SA),,1.4,0.146,0.4415,2.014,38.14,1.04E+03,2.86,0.309,120,5.00E-08,6.10E-09,1.00E-07
20416071,416071 (2002 NV),,0.803,0.189,0.6169,2.667,22.27,1.59E+03,4.36,0.309,120,2.80E-08,1.20E-08,7.70E-08
20005587,  5587 (1990 SB),,3.57,0.32,0.5441,2.4,18.07,1.36E+03,3.72,0.31,121,7.50E-10,1.00E-09,1.90E-09
20142781,142781 (2002 UM11),,1.595,0.252,0.3879,1.951,41.03,995,2.73,0.311,121,1.20E-09,1.00E-09,2.40E-09
20401925,401925 (2002 AT15),,0.475,0.342,0.4752,1.894,36.38,952,2.61,0.312,121,8.50E-08,7.00E-09,1.60E-07
20436324,436324 (2010 GZ6),,0.369,0.205,0.1441,1.401,44.84,606,1.66,0.312,121,1.00E-07,4.10E-09,1.50E-07
20243025,243025 (2006 UM216),,2.123,0.139,0.524,2.674,15.89,1.60E+03,4.37,0.313,122,4.50E-08,1.60E-08,1.20E-07
20152889,152889 (2000 CF59),,1.022,0.388,0.6409,1.679,41.55,795,2.18,0.315,123,3.10E-08,3.20E-09,5.20E-08
20306462,306462 (1999 RC32),,0.476,0.379,0.4319,1.838,30.96,910,2.49,0.317,124,6.50E-08,2.60E-09,1.20E-07
20429746,429746 (2011 SA16),,1.275,0.131,0.5328,2.733,20.12,1.65E+03,4.52,0.328,128,5.40E-08,1.60E-08,1.50E-07
3508106,       (2010 CH18),,0.394,0.286,0.5719,2.604,27.17,1.53E+03,4.2,0.328,128,1.10E-07,4.50E-07,2.90E-07
20020460, 20460 Robwhiteley (1999 LO28),Robwhiteley,2.716,0.199,0.4116,1.877,33.95,939,2.57,0.331,129,7.90E-10,1.10E-09,1.30E-09
20514652,514652 (2005 SC71),,0.741,0.154,0.3825,1.91,32.38,964,2.64,0.332,129,4.40E-08,8.30E-09,8.50E-08
3508164,       (2010 DK34),,0.283,0.152,0.7653,2.779,27.41,1.69E+03,4.63,0.332,129,4.40E-03,5.30E-02,1.60E-04
20004401,  4401 Aditi (1985 TB),Aditi,1.801,0.343,0.5633,2.584,26.63,1.52E+03,4.15,0.335,130,3.10E-09,1.40E-09,8.50E-09
20333889,333889 (1998 SV4),,0.919,0.11,0.642,0.8165,53.3,269,0.738,0.336,131,3.70E-09,1.50E-09,3.00E-09
20055532, 55532 (2001 WG2),,1.306,0.376,0.6957,1.794,38.55,878,2.4,0.339,132,1.60E-09,8.50E-10,2.90E-09
20413038,413038 (2001 MF1),,1.237,0.301,0.5773,2.648,23.98,1.57E+03,4.31,0.341,133,4.30E-08,7.80E-09,1.10E-07
20215757,215757 (2004 FU64),,0.78,0.241,0.3669,1.838,24.88,910,2.49,0.342,133,5.10E-08,5.20E-09,9.30E-08
20086324, 86324 (1999 WA2),,2.102,0.191,0.4346,1.967,34.6,1.01E+03,2.76,0.343,133,5.10E-10,7.50E-10,9.70E-10
20001036,  1036 Ganymed (A924 UB),Ganymed,37.675,0.238,0.5328,2.665,26.69,1.59E+03,4.35,0.345,134,1.20E-09,1.30E-09,3.30E-09
3467188,       (2009 SP),,0.485,0.119,0.495,2.22,25.26,1.21E+03,3.31,0.347,135,6.50E-08,1.00E-08,1.40E-07
20105140,105140 (2000 NL10),,1.946,0.223,0.8169,0.9143,32.54,319,0.874,0.355,138,8.30E-09,6.60E-10,7.60E-09
20054401, 54401 (2000 LM),,1.189,0.181,0.2624,1.711,18.95,817,2.24,0.356,138,3.90E-09,1.40E-09,6.10E-09
20238063,238063 (2003 EG),,1.47,0.225,0.7136,1.738,31.79,837,2.29,0.363,141,4.60E-08,6.40E-09,7.90E-08
3486329,       (2010 BH2),,0.363,0.213,0.4611,2.353,24.58,1.32E+03,3.61,0.364,141,1.50E-07,4.10E-08,3.20E-07
20086067, 86067 (1999 RM28),,1.245,0.314,0.3236,1.817,30.55,895,2.45,0.365,142,8.10E-10,5.70E-10,1.60E-09
20468117,468117 (2014 ED),,0.493,0.139,0.6382,1.547,21.77,703,1.92,0.365,142,7.30E-08,2.70E-08,1.20E-07
20311321,311321 (2005 NP1),,0.583,0.172,0.2964,1.827,34.71,902,2.47,0.371,144,7.80E-08,9.90E-09,1.40E-07
20009202,  9202 (1993 PB),,1.617,0.332,0.6078,1.424,40.8,621,1.7,0.372,145,9.20E-10,5.20E-10,1.40E-09
20085804, 85804 (1998 WQ5),,2.272,0.167,0.3543,1.721,27.66,825,2.26,0.373,145,8.80E-10,4.50E-10,1.40E-09
3518595,       (2010 HD33),,0.563,0.267,0.5151,2.619,24.42,1.55E+03,4.24,0.374,145,1.10E-07,2.90E-08,2.90E-07
20010165, 10165 (1995 BL2),,0.829,0.372,0.5037,1.235,23.9,501,1.37,0.376,146,3.50E-09,5.40E-10,4.40E-09
20068348, 68348 (2001 LO7),,3.512,0.299,0.841,2.155,25.37,1.16E+03,3.16,0.385,150,9.40E-10,1.20E-09,2.10E-09
20137099,137099 (1998 YW3),,0.564,0.291,0.4627,1.1,28.79,421,1.15,0.388,151,6.40E-08,2.90E-09,7.10E-08
20137925,137925 (2000 BJ19),,1.372,0.373,0.7637,1.292,31.11,536,1.47,0.39,152,5.60E-09,8.40E-10,7.30E-09
20386720,386720 (2009 XC2),,0.964,0.244,0.5824,2.646,25.78,1.57E+03,4.3,0.395,154,4.40E-08,1.40E-08,1.20E-07
20363626,363626 (2004 RA11),,0.633,0.135,0.3995,1.824,39.36,900,2.46,0.396,154,1.10E-07,1.70E-08,1.90E-07
20005828,  5828 (1991 AM),,1.457,0.331,0.6949,1.698,30.12,808,2.21,0.398,155,1.60E-09,9.40E-10,2.70E-09
20137084,137084 (1998 XS16),,1.228,0.322,0.4967,1.212,26.56,487,1.33,0.405,158,1.50E-09,1.70E-10,1.80E-09
20371336,371336 (2006 KD1),,1.137,0.18,0.7849,2.48,30.79,1.43E+03,3.91,0.413,161,6.10E-08,1.90E-08,1.50E-07
20185716,185716 (1998 SF35),,0.629,0.339,0.2739,1.685,35.19,799,2.19,0.414,161,4.20E-08,4.70E-09,7.00E-08
20241596,241596 (1998 XM2),,1.548,0.105,0.3402,1.805,27.1,886,2.43,0.414,161,2.10E-09,3.30E-09,2.20E-09
20428223,428223 (2006 WW),,2.525,0.101,0.8679,2.682,32.72,1.60E+03,4.39,0.415,161,4.00E-08,1.90E-08,1.10E-07
20004957,  4957 Brucemurray (1990 XJ),Brucemurray,3.499,0.132,0.2189,1.565,35.01,715,1.96,0.425,165,2.20E-09,2.10E-10,3.50E-09
20154035,154035 (2002 CV59),,1.098,0.149,0.532,1.21,49.06,486,1.33,0.426,166,6.00E-09,1.40E-09,7.80E-09
20535148,535148 (2014 XR6),,0.861,0.114,0.5321,2.588,27.14,1.52E+03,4.16,0.429,167,3.90E-08,2.70E-08,1.10E-07
20474425,474425 (2002 YF4),,0.358,0.368,0.3337,1.755,33.68,849,2.32,0.432,168,4.80E-08,3.80E-09,8.30E-08
20054686, 54686 (2001 DU8),,1.349,0.244,0.3419,1.777,33.21,865,2.37,0.433,169,1.90E-09,5.50E-10,3.00E-09
20230118,230118 (2001 DB3),,1.166,0.15,0.5604,2.683,24.5,1.60E+03,4.39,0.44,171,3.30E-08,9.90E-09,8.90E-08
3516307,       (2010 GW62),,0.285,0.378,0.5755,1.27,32.43,523,1.43,0.44,171,1.60E-07,6.10E-09,2.00E-07
20027346, 27346 (2000 DN8),,1.802,0.256,0.399,1.875,36.95,938,2.57,0.444,173,1.70E-09,6.70E-10,3.30E-09
20089355, 89355 (2001 VS78),,2.038,0.246,0.3086,1.787,22.66,872,2.39,0.445,173,2.70E-09,1.10E-09,4.10E-09
20303174,303174 (2004 FH11),,1.504,0.163,0.4461,2.256,21.38,1.24E+03,3.39,0.461,179,2.00E-08,2.50E-09,4.60E-08
20159560,159560 (2001 TO103),,1.156,0.209,0.4342,2.214,25.73,1.20E+03,3.29,0.475,185,4.50E-08,9.30E-09,9.70E-08
20276468,276468 (2003 HQ32),,1.034,0.114,0.3455,1.979,35.88,1.02E+03,2.78,0.481,187,4.70E-08,5.60E-09,9.30E-08
20467372,467372 (2004 LG),,0.874,0.146,0.8967,2.065,71.17,1.08E+03,2.97,0.518,202,9.70E-07,2.00E-08,2.00E-06
20397237,397237 (2006 KZ112),,1.18,0.269,0.887,2.523,37.83,1.46E+03,4.01,0.53,206,3.80E-08,2.00E-08,9.80E-08
20159459,159459 (2000 KB),,1.769,0.187,0.7989,2.337,56.17,1.30E+03,3.57,0.531,207,3.90E-08,1.70E-08,9.10E-08
20248083,248083 (2004 QU24),,2.358,0.126,0.6135,3.328,23.37,2.22E+03,6.07,0.54,210,4.00E-08,1.20E-08,1.40E-07
3516631,       (2010 GQ75),,0.372,0.106,0.8603,2.443,43.3,1.39E+03,3.82,0.616,240,1.30E-04,4.10E-03,2.50E-04
20529718,529718 (2010 KY127),,1.77,0.129,0.8827,2.49,60.79,1.44E+03,3.93,0.708,276,1.10E-07,6.10E-08,2.80E-07